{"compound": {"citrate": {"query_text": "citrate", "text": "cpd:C00158\tCitrate; Citric acid; 2-Hydroxy-1,2,3-propanetricarboxylic acid; 2-Hydroxytricarballylic acid\ncpd:C00311\tIsocitrate; Isocitric acid; 1-Hydroxytricarballylic acid; 1-Hydroxypropane-1,2,3-tricarboxylic acid\ncpd:C01251\t(R)-2-Hydroxybutane-1,2,4-tricarboxylate; Homocitrate; Homocitric acid; 3-Hydroxy-3-carboxyadipic acid; (R)-2-Hydroxy-1,2,4-butanetricarboxylic acid\ncpd:C02225\t2-Methylcitrate; (2S,3S)-2-Methylcitrate; 2-Hydroxybutane-1,2,3-tricarboxylate; (2S,3S)-2-Hydroxybutane-1,2,3-tricarboxylate\ncpd:C02927\t2-Caffeoylisocitrate; (E)-Caffeoylisocitrate\ncpd:C04125\t[Isocitrate dehydrogenase (NADP+)]\ncpd:C04298\tHolo-[citrate (pro-3S)-lyase]\ncpd:C04334\tAcetyl-[citrate (pro-3S)-lyase]\ncpd:C04564\t[Isocitrate dehydrogenase (NADP+)] phosphate\ncpd:C04593\t(2S,3R)-3-Hydroxybutane-1,2,3-tricarboxylate; Methylisocitrate; Methylisocitric acid\ncpd:C05662\tHomoisocitrate; 3-Carboxy-2-hydroxyadipate; (-)-1-Hydroxy-1,2,4-butanetricarboxylate; (1R,2S)-1-Hydroxybutane-1,2,4-tricarboxylate; (-)-threo-Homoisocitrate\ncpd:C06229\tFe(III)dicitrate; Iron(III)dicitrate\ncpd:C08161\tClomiphene citrate; Clomifene citrate\ncpd:C13249\tSodium citrate; Trisodium citrate dihydrate\ncpd:C13494\tMosapride citrate hydrate; AS 4370\ncpd:C13660\tPiperazine citrate\ncpd:C16583\t(R)-(Homo)2-citrate; (R)-2-Hydroxy-1,2,5-pentanetricarboxylate; (R)-2-Hydroxy-1,2,5-pentanetricarboxylic acid\ncpd:C16597\t(-)-threo-Iso(homo)2-citrate; (-)-threo-1-Hydroxy-1,2,5-pentanetricarboxylic acid; 1-Hydroxypentane-1,2,5-tricarboxylate; threo-(Homo)2-isocitrate\ncpd:C16598\t(R)-(Homo)3-citrate; (R)-2-Hydroxy-1,2,6-hexanetricarboxylate; (R)-2-Hydroxy-1,2,6-hexanetricarboxylic acid\ncpd:C16600\t(-)-threo-Iso(homo)3-citrate; (-)-threo-1-Hydroxy-1,2,6-hexanetricarboxylic acid; 1-Hydroxyhexane-1,2,6-tricarboxylate; threo-(Homo)3-isocitrate\n", "status_code": 200}, "kjh": {"query_text": "kjh", "text": "\n", "status_code": 200}, "1 pyrroline 4 hydroxy 2 carboxylate": {"query_text": "1 pyrroline 4 hydroxy 2 carboxylate", "text": "cpd:C04281\tL-1-Pyrroline-3-hydroxy-5-carboxylate; 3-Hydroxy-L-1-pyrroline-5-carboxylate; (3R,5S)-1-Pyrroline-3-hydroxy-5-carboxylate; (3R,5S)-3-Hydroxy-1-pyrroline-5-carboxylate\ncpd:C04282\t1-Pyrroline-4-hydroxy-2-carboxylate\n", "status_code": 200}, "Cis dodedec 3 enoyl CoAdodedecenoyl CoA  n C121d3CoA": {"query_text": "Cis dodedec 3 enoyl CoAdodedecenoyl CoA  n C121d3CoA", "text": "\n", "status_code": 200}, "is dodedec 3 enoyl CoAdodedecenoyl CoA  n C121d3CoA": {"query_text": "is dodedec 3 enoyl CoAdodedecenoyl CoA  n C121d3CoA", "text": "\n", "status_code": 200}, "s dodedec 3 enoyl CoAdodedecenoyl CoA  n C121d3CoA": {"query_text": "s dodedec 3 enoyl CoAdodedecenoyl CoA  n C121d3CoA", "text": "\n", "status_code": 200}, " dodedec 3 enoyl CoAdodedecenoyl CoA  n C121d3CoA": {"query_text": " dodedec 3 enoyl CoAdodedecenoyl CoA  n C121d3CoA", "text": "\n", "status_code": 200}, "dodedec 3 enoyl CoAdodedecenoyl CoA  n C121d3CoA": {"query_text": "dodedec 3 enoyl CoAdodedecenoyl CoA  n C121d3CoA", "text": "\n", "status_code": 200}, "odedec 3 enoyl CoAdodedecenoyl CoA  n C121d3CoA": {"query_text": "odedec 3 enoyl CoAdodedecenoyl CoA  n C121d3CoA", "text": "\n", "status_code": 200}, "dedec 3 enoyl CoAdodedecenoyl CoA  n C121d3CoA": {"query_text": "dedec 3 enoyl CoAdodedecenoyl CoA  n C121d3CoA", "text": "\n", "status_code": 200}, "edec 3 enoyl CoAdodedecenoyl CoA  n C121d3CoA": {"query_text": "edec 3 enoyl CoAdodedecenoyl CoA  n C121d3CoA", "text": "\n", "status_code": 200}, "Trans cis dodedec 2 6 dienoyl CoA": {"query_text": "Trans cis dodedec 2 6 dienoyl CoA", "text": "\n", "status_code": 200}, "rans cis dodedec 2 6 dienoyl CoA": {"query_text": "rans cis dodedec 2 6 dienoyl CoA", "text": "\n", "status_code": 200}, "ans cis dodedec 2 6 dienoyl CoA": {"query_text": "ans cis dodedec 2 6 dienoyl CoA", "text": "\n", "status_code": 200}, "ns cis dodedec 2 6 dienoyl CoA": {"query_text": "ns cis dodedec 2 6 dienoyl CoA", "text": "\n", "status_code": 200}, "s cis dodedec 2 6 dienoyl CoA": {"query_text": "s cis dodedec 2 6 dienoyl CoA", "text": "\n", "status_code": 200}, " cis dodedec 2 6 dienoyl CoA": {"query_text": " cis dodedec 2 6 dienoyl CoA", "text": "\n", "status_code": 200}, "cis dodedec 2 6 dienoyl CoA": {"query_text": "cis dodedec 2 6 dienoyl CoA", "text": "\n", "status_code": 200}, "is dodedec 2 6 dienoyl CoA": {"query_text": "is dodedec 2 6 dienoyl CoA", "text": "\n", "status_code": 200}, "2 trans 4 cis decadienoyl CoA": {"query_text": "2 trans 4 cis decadienoyl CoA", "text": "\n", "status_code": 200}, " trans 4 cis decadienoyl CoA": {"query_text": " trans 4 cis decadienoyl CoA", "text": "\n", "status_code": 200}, "trans 4 cis decadienoyl CoA": {"query_text": "trans 4 cis decadienoyl CoA", "text": "\n", "status_code": 200}, "rans 4 cis decadienoyl CoA": {"query_text": "rans 4 cis decadienoyl CoA", "text": "\n", "status_code": 200}, "ans 4 cis decadienoyl CoA": {"query_text": "ans 4 cis decadienoyl CoA", "text": "\n", "status_code": 200}, "ns 4 cis decadienoyl CoA": {"query_text": "ns 4 cis decadienoyl CoA", "text": "\n", "status_code": 200}, "s 4 cis decadienoyl CoA": {"query_text": "s 4 cis decadienoyl CoA", "text": "\n", "status_code": 200}, " 4 cis decadienoyl CoA": {"query_text": " 4 cis decadienoyl CoA", "text": "\n", "status_code": 200}, "Trans cis cis tetradec 2 5 8 trienoyl CoA": {"query_text": "Trans cis cis tetradec 2 5 8 trienoyl CoA", "text": "\n", "status_code": 200}, "rans cis cis tetradec 2 5 8 trienoyl CoA": {"query_text": "rans cis cis tetradec 2 5 8 trienoyl CoA", "text": "\n", "status_code": 200}, "ans cis cis tetradec 2 5 8 trienoyl CoA": {"query_text": "ans cis cis tetradec 2 5 8 trienoyl CoA", "text": "\n", "status_code": 200}, "ns cis cis tetradec 2 5 8 trienoyl CoA": {"query_text": "ns cis cis tetradec 2 5 8 trienoyl CoA", "text": "\n", "status_code": 200}, "s cis cis tetradec 2 5 8 trienoyl CoA": {"query_text": "s cis cis tetradec 2 5 8 trienoyl CoA", "text": "\n", "status_code": 200}, " cis cis tetradec 2 5 8 trienoyl CoA": {"query_text": " cis cis tetradec 2 5 8 trienoyl CoA", "text": "\n", "status_code": 200}, "cis cis tetradec 2 5 8 trienoyl CoA": {"query_text": "cis cis tetradec 2 5 8 trienoyl CoA", "text": "\n", "status_code": 200}, "is cis tetradec 2 5 8 trienoyl CoA": {"query_text": "is cis tetradec 2 5 8 trienoyl CoA", "text": "\n", "status_code": 200}, "4 cis decenoyl CoA": {"query_text": "4 cis decenoyl CoA", "text": "cpd:C02944\t3-cis-Dodecenoyl-CoA; 3-cis-Dodecenoyl coenzyme A; (3Z)-Dodecenoyl-CoA; (3Z)-Dodec-3-enoyl-CoA\ncpd:C21945\tcis-Vaccenoyl-CoA; (11Z)-Octadecenoyl-CoA\n", "status_code": 200}, " 3 hydroxydecanoic acid": {"query_text": " 3 hydroxydecanoic acid", "text": "\n", "status_code": 200}, "3 hydroxydecanoic acid": {"query_text": "3 hydroxydecanoic acid", "text": "\n", "status_code": 200}, " hydroxydecanoic acid": {"query_text": " hydroxydecanoic acid", "text": "cpd:C02774\t10-Hydroxydecanoic acid; 10-Hydroxydecanoate\n", "status_code": 200}, " 3 Hydroxy 4Z decenoyl CoA": {"query_text": " 3 Hydroxy 4Z decenoyl CoA", "text": "\n", "status_code": 200}, "3 Hydroxy 4Z decenoyl CoA": {"query_text": "3 Hydroxy 4Z decenoyl CoA", "text": "\n", "status_code": 200}, " Hydroxy 4Z decenoyl CoA": {"query_text": " Hydroxy 4Z decenoyl CoA", "text": "\n", "status_code": 200}, "Hydroxy 4Z decenoyl CoA": {"query_text": "Hydroxy 4Z decenoyl CoA", "text": "\n", "status_code": 200}, "ydroxy 4Z decenoyl CoA": {"query_text": "ydroxy 4Z decenoyl CoA", "text": "\n", "status_code": 200}, "droxy 4Z decenoyl CoA": {"query_text": "droxy 4Z decenoyl CoA", "text": "\n", "status_code": 200}, "roxy 4Z decenoyl CoA": {"query_text": "roxy 4Z decenoyl CoA", "text": "\n", "status_code": 200}, "oxy 4Z decenoyl CoA": {"query_text": "oxy 4Z decenoyl CoA", "text": "\n", "status_code": 200}, " 3 Hydroxydodecanoic 5 en acid": {"query_text": " 3 Hydroxydodecanoic 5 en acid", "text": "\n", "status_code": 200}, "3 Hydroxydodecanoic 5 en acid": {"query_text": "3 Hydroxydodecanoic 5 en acid", "text": "\n", "status_code": 200}, " Hydroxydodecanoic 5 en acid": {"query_text": " Hydroxydodecanoic 5 en acid", "text": "\n", "status_code": 200}, "Hydroxydodecanoic 5 en acid": {"query_text": "Hydroxydodecanoic 5 en acid", "text": "\n", "status_code": 200}, "ydroxydodecanoic 5 en acid": {"query_text": "ydroxydodecanoic 5 en acid", "text": "\n", "status_code": 200}, "droxydodecanoic 5 en acid": {"query_text": "droxydodecanoic 5 en acid", "text": "\n", "status_code": 200}, "roxydodecanoic 5 en acid": {"query_text": "roxydodecanoic 5 en acid", "text": "\n", "status_code": 200}, "oxydodecanoic 5 en acid": {"query_text": "oxydodecanoic 5 en acid", "text": "\n", "status_code": 200}, " 3 hydroxy  6Z  dodedecenyl CoA": {"query_text": " 3 hydroxy  6Z  dodedecenyl CoA", "text": "\n", "status_code": 200}, "3 hydroxy  6Z  dodedecenyl CoA": {"query_text": "3 hydroxy  6Z  dodedecenyl CoA", "text": "\n", "status_code": 200}, " hydroxy  6Z  dodedecenyl CoA": {"query_text": " hydroxy  6Z  dodedecenyl CoA", "text": "\n", "status_code": 200}, "hydroxy  6Z  dodedecenyl CoA": {"query_text": "hydroxy  6Z  dodedecenyl CoA", "text": "\n", "status_code": 200}, "ydroxy  6Z  dodedecenyl CoA": {"query_text": "ydroxy  6Z  dodedecenyl CoA", "text": "\n", "status_code": 200}, "droxy  6Z  dodedecenyl CoA": {"query_text": "droxy  6Z  dodedecenyl CoA", "text": "\n", "status_code": 200}, "roxy  6Z  dodedecenyl CoA": {"query_text": "roxy  6Z  dodedecenyl CoA", "text": "\n", "status_code": 200}, "oxy  6Z  dodedecenyl CoA": {"query_text": "oxy  6Z  dodedecenyl CoA", "text": "\n", "status_code": 200}, " 3 hydroxy cis myristol 7 en": {"query_text": " 3 hydroxy cis myristol 7 en", "text": "\n", "status_code": 200}, "3 hydroxy cis myristol 7 en": {"query_text": "3 hydroxy cis myristol 7 en", "text": "\n", "status_code": 200}, " hydroxy cis myristol 7 en": {"query_text": " hydroxy cis myristol 7 en", "text": "\n", "status_code": 200}, "hydroxy cis myristol 7 en": {"query_text": "hydroxy cis myristol 7 en", "text": "\n", "status_code": 200}, "ydroxy cis myristol 7 en": {"query_text": "ydroxy cis myristol 7 en", "text": "\n", "status_code": 200}, "droxy cis myristol 7 en": {"query_text": "droxy cis myristol 7 en", "text": "\n", "status_code": 200}, "roxy cis myristol 7 en": {"query_text": "roxy cis myristol 7 en", "text": "\n", "status_code": 200}, "oxy cis myristol 7 en": {"query_text": "oxy cis myristol 7 en", "text": "\n", "status_code": 200}, " 3 hydroxy  5Z  tetradecenyl CoA": {"query_text": " 3 hydroxy  5Z  tetradecenyl CoA", "text": "\n", "status_code": 200}, "3 hydroxy  5Z  tetradecenyl CoA": {"query_text": "3 hydroxy  5Z  tetradecenyl CoA", "text": "\n", "status_code": 200}, " hydroxy  5Z  tetradecenyl CoA": {"query_text": " hydroxy  5Z  tetradecenyl CoA", "text": "\n", "status_code": 200}, "hydroxy  5Z  tetradecenyl CoA": {"query_text": "hydroxy  5Z  tetradecenyl CoA", "text": "\n", "status_code": 200}, "ydroxy  5Z  tetradecenyl CoA": {"query_text": "ydroxy  5Z  tetradecenyl CoA", "text": "\n", "status_code": 200}, "droxy  5Z  tetradecenyl CoA": {"query_text": "droxy  5Z  tetradecenyl CoA", "text": "\n", "status_code": 200}, "roxy  5Z  tetradecenyl CoA": {"query_text": "roxy  5Z  tetradecenyl CoA", "text": "\n", "status_code": 200}, "oxy  5Z  tetradecenyl CoA": {"query_text": "oxy  5Z  tetradecenyl CoA", "text": "\n", "status_code": 200}, " 3 hydroxy  5Z 8Z  tetradecedienyl CoA": {"query_text": " 3 hydroxy  5Z 8Z  tetradecedienyl CoA", "text": "\n", "status_code": 200}, "3 hydroxy  5Z 8Z  tetradecedienyl CoA": {"query_text": "3 hydroxy  5Z 8Z  tetradecedienyl CoA", "text": "\n", "status_code": 200}, " hydroxy  5Z 8Z  tetradecedienyl CoA": {"query_text": " hydroxy  5Z 8Z  tetradecedienyl CoA", "text": "\n", "status_code": 200}, "hydroxy  5Z 8Z  tetradecedienyl CoA": {"query_text": "hydroxy  5Z 8Z  tetradecedienyl CoA", "text": "\n", "status_code": 200}, "ydroxy  5Z 8Z  tetradecedienyl CoA": {"query_text": "ydroxy  5Z 8Z  tetradecedienyl CoA", "text": "\n", "status_code": 200}, "droxy  5Z 8Z  tetradecedienyl CoA": {"query_text": "droxy  5Z 8Z  tetradecedienyl CoA", "text": "\n", "status_code": 200}, "roxy  5Z 8Z  tetradecedienyl CoA": {"query_text": "roxy  5Z 8Z  tetradecedienyl CoA", "text": "\n", "status_code": 200}, "oxy  5Z 8Z  tetradecedienyl CoA": {"query_text": "oxy  5Z 8Z  tetradecedienyl CoA", "text": "\n", "status_code": 200}, " 3 Hydroxypentanoic acid": {"query_text": " 3 Hydroxypentanoic acid", "text": "cpd:C16651\t3-Hydroxyvalproic acid; 2-n-Propyl-3-hydroxypentanoic acid; 3-OH-VPA\n", "status_code": 200}, " 3 Hydroxpypentoyl CoA": {"query_text": " 3 Hydroxpypentoyl CoA", "text": "\n", "status_code": 200}, "3 Hydroxpypentoyl CoA": {"query_text": "3 Hydroxpypentoyl CoA", "text": "\n", "status_code": 200}, " Hydroxpypentoyl CoA": {"query_text": " Hydroxpypentoyl CoA", "text": "\n", "status_code": 200}, "Hydroxpypentoyl CoA": {"query_text": "Hydroxpypentoyl CoA", "text": "\n", "status_code": 200}, "ydroxpypentoyl CoA": {"query_text": "ydroxpypentoyl CoA", "text": "\n", "status_code": 200}, "droxpypentoyl CoA": {"query_text": "droxpypentoyl CoA", "text": "\n", "status_code": 200}, "roxpypentoyl CoA": {"query_text": "roxpypentoyl CoA", "text": "\n", "status_code": 200}, "oxpypentoyl CoA": {"query_text": "oxpypentoyl CoA", "text": "\n", "status_code": 200}, " 3 hydroxyhexanoic acid": {"query_text": " 3 hydroxyhexanoic acid", "text": "cpd:C06103\t6-Hydroxyhexanoic acid; 6-Hydroxyhexanoate\n", "status_code": 200}, " 3 hydroxyheptanoic acid": {"query_text": " 3 hydroxyheptanoic acid", "text": "cpd:C20854\tMonacolin J acid; (3R,5R)-7-[(1S,2S,6R,8S,8aR)-8-Hydroxy-2,6-dimethyl-1,2,6,7,8,8a-hexahydronaphthalen-1-yl]-3,5-dihydroxyheptanoic acid\n", "status_code": 200}, " 3 Hydroxyheptanoyl CoA": {"query_text": " 3 Hydroxyheptanoyl CoA", "text": "\n", "status_code": 200}, "3 Hydroxyheptanoyl CoA": {"query_text": "3 Hydroxyheptanoyl CoA", "text": "\n", "status_code": 200}, " Hydroxyheptanoyl CoA": {"query_text": " Hydroxyheptanoyl CoA", "text": "\n", "status_code": 200}, "Hydroxyheptanoyl CoA": {"query_text": "Hydroxyheptanoyl CoA", "text": "\n", "status_code": 200}, "ydroxyheptanoyl CoA": {"query_text": "ydroxyheptanoyl CoA", "text": "\n", "status_code": 200}, "droxyheptanoyl CoA": {"query_text": "droxyheptanoyl CoA", "text": "\n", "status_code": 200}, "roxyheptanoyl CoA": {"query_text": "roxyheptanoyl CoA", "text": "\n", "status_code": 200}, "oxyheptanoyl CoA": {"query_text": "oxyheptanoyl CoA", "text": "\n", "status_code": 200}, " 3 hydroxyoctanoic acid": {"query_text": " 3 hydroxyoctanoic acid", "text": "cpd:C20793\t3-Hydroxyoctanoate; 3-Hydroxyoctanoic acid\n", "status_code": 200}, " 3 hydroxynonanoic acid": {"query_text": " 3 hydroxynonanoic acid", "text": "\n", "status_code": 200}, "3 hydroxynonanoic acid": {"query_text": "3 hydroxynonanoic acid", "text": "\n", "status_code": 200}, " hydroxynonanoic acid": {"query_text": " hydroxynonanoic acid", "text": "\n", "status_code": 200}, "hydroxynonanoic acid": {"query_text": "hydroxynonanoic acid", "text": "\n", "status_code": 200}, "ydroxynonanoic acid": {"query_text": "ydroxynonanoic acid", "text": "\n", "status_code": 200}, "droxynonanoic acid": {"query_text": "droxynonanoic acid", "text": "\n", "status_code": 200}, "roxynonanoic acid": {"query_text": "roxynonanoic acid", "text": "\n", "status_code": 200}, "oxynonanoic acid": {"query_text": "oxynonanoic acid", "text": "\n", "status_code": 200}, " 3 Hydroxyphenylbutanoic acid": {"query_text": " 3 Hydroxyphenylbutanoic acid", "text": "\n", "status_code": 200}, "3 Hydroxyphenylbutanoic acid": {"query_text": "3 Hydroxyphenylbutanoic acid", "text": "\n", "status_code": 200}, " Hydroxyphenylbutanoic acid": {"query_text": " Hydroxyphenylbutanoic acid", "text": "\n", "status_code": 200}, "Hydroxyphenylbutanoic acid": {"query_text": "Hydroxyphenylbutanoic acid", "text": "\n", "status_code": 200}, "ydroxyphenylbutanoic acid": {"query_text": "ydroxyphenylbutanoic acid", "text": "\n", "status_code": 200}, "droxyphenylbutanoic acid": {"query_text": "droxyphenylbutanoic acid", "text": "\n", "status_code": 200}, "roxyphenylbutanoic acid": {"query_text": "roxyphenylbutanoic acid", "text": "\n", "status_code": 200}, "oxyphenylbutanoic acid": {"query_text": "oxyphenylbutanoic acid", "text": "\n", "status_code": 200}, " 3 Hydroxy 5 phenylpentanoic acic": {"query_text": " 3 Hydroxy 5 phenylpentanoic acic", "text": "\n", "status_code": 200}, "3 Hydroxy 5 phenylpentanoic acic": {"query_text": "3 Hydroxy 5 phenylpentanoic acic", "text": "\n", "status_code": 200}, " Hydroxy 5 phenylpentanoic acic": {"query_text": " Hydroxy 5 phenylpentanoic acic", "text": "\n", "status_code": 200}, "Hydroxy 5 phenylpentanoic acic": {"query_text": "Hydroxy 5 phenylpentanoic acic", "text": "\n", "status_code": 200}, "ydroxy 5 phenylpentanoic acic": {"query_text": "ydroxy 5 phenylpentanoic acic", "text": "\n", "status_code": 200}, "droxy 5 phenylpentanoic acic": {"query_text": "droxy 5 phenylpentanoic acic", "text": "\n", "status_code": 200}, "roxy 5 phenylpentanoic acic": {"query_text": "roxy 5 phenylpentanoic acic", "text": "\n", "status_code": 200}, "oxy 5 phenylpentanoic acic": {"query_text": "oxy 5 phenylpentanoic acic", "text": "\n", "status_code": 200}, " 3 Hydroxy 6 phenylhexanoic acid": {"query_text": " 3 Hydroxy 6 phenylhexanoic acid", "text": "\n", "status_code": 200}, "3 Hydroxy 6 phenylhexanoic acid": {"query_text": "3 Hydroxy 6 phenylhexanoic acid", "text": "\n", "status_code": 200}, " Hydroxy 6 phenylhexanoic acid": {"query_text": " Hydroxy 6 phenylhexanoic acid", "text": "\n", "status_code": 200}, "Hydroxy 6 phenylhexanoic acid": {"query_text": "Hydroxy 6 phenylhexanoic acid", "text": "\n", "status_code": 200}, "ydroxy 6 phenylhexanoic acid": {"query_text": "ydroxy 6 phenylhexanoic acid", "text": "\n", "status_code": 200}, "droxy 6 phenylhexanoic acid": {"query_text": "droxy 6 phenylhexanoic acid", "text": "\n", "status_code": 200}, "roxy 6 phenylhexanoic acid": {"query_text": "roxy 6 phenylhexanoic acid", "text": "\n", "status_code": 200}, "oxy 6 phenylhexanoic acid": {"query_text": "oxy 6 phenylhexanoic acid", "text": "\n", "status_code": 200}, " 3 Hydroxy 7 phenylheptanoic acid": {"query_text": " 3 Hydroxy 7 phenylheptanoic acid", "text": "\n", "status_code": 200}, "3 Hydroxy 7 phenylheptanoic acid": {"query_text": "3 Hydroxy 7 phenylheptanoic acid", "text": "\n", "status_code": 200}, " Hydroxy 7 phenylheptanoic acid": {"query_text": " Hydroxy 7 phenylheptanoic acid", "text": "\n", "status_code": 200}, "Hydroxy 7 phenylheptanoic acid": {"query_text": "Hydroxy 7 phenylheptanoic acid", "text": "\n", "status_code": 200}, "ydroxy 7 phenylheptanoic acid": {"query_text": "ydroxy 7 phenylheptanoic acid", "text": "\n", "status_code": 200}, "droxy 7 phenylheptanoic acid": {"query_text": "droxy 7 phenylheptanoic acid", "text": "\n", "status_code": 200}, "roxy 7 phenylheptanoic acid": {"query_text": "roxy 7 phenylheptanoic acid", "text": "\n", "status_code": 200}, "oxy 7 phenylheptanoic acid": {"query_text": "oxy 7 phenylheptanoic acid", "text": "\n", "status_code": 200}, " 3 Hydroxy 8 phenyloctanoic acid": {"query_text": " 3 Hydroxy 8 phenyloctanoic acid", "text": "\n", "status_code": 200}, "3 Hydroxy 8 phenyloctanoic acid": {"query_text": "3 Hydroxy 8 phenyloctanoic acid", "text": "\n", "status_code": 200}, " Hydroxy 8 phenyloctanoic acid": {"query_text": " Hydroxy 8 phenyloctanoic acid", "text": "\n", "status_code": 200}, "Hydroxy 8 phenyloctanoic acid": {"query_text": "Hydroxy 8 phenyloctanoic acid", "text": "\n", "status_code": 200}, "ydroxy 8 phenyloctanoic acid": {"query_text": "ydroxy 8 phenyloctanoic acid", "text": "\n", "status_code": 200}, "droxy 8 phenyloctanoic acid": {"query_text": "droxy 8 phenyloctanoic acid", "text": "\n", "status_code": 200}, "roxy 8 phenyloctanoic acid": {"query_text": "roxy 8 phenyloctanoic acid", "text": "\n", "status_code": 200}, "oxy 8 phenyloctanoic acid": {"query_text": "oxy 8 phenyloctanoic acid", "text": "\n", "status_code": 200}, " 3 Hydroxy 4 acetylthiobutanoic acid": {"query_text": " 3 Hydroxy 4 acetylthiobutanoic acid", "text": "\n", "status_code": 200}, "3 Hydroxy 4 acetylthiobutanoic acid": {"query_text": "3 Hydroxy 4 acetylthiobutanoic acid", "text": "\n", "status_code": 200}, " Hydroxy 4 acetylthiobutanoic acid": {"query_text": " Hydroxy 4 acetylthiobutanoic acid", "text": "\n", "status_code": 200}, "Hydroxy 4 acetylthiobutanoic acid": {"query_text": "Hydroxy 4 acetylthiobutanoic acid", "text": "\n", "status_code": 200}, "ydroxy 4 acetylthiobutanoic acid": {"query_text": "ydroxy 4 acetylthiobutanoic acid", "text": "\n", "status_code": 200}, "droxy 4 acetylthiobutanoic acid": {"query_text": "droxy 4 acetylthiobutanoic acid", "text": "\n", "status_code": 200}, "roxy 4 acetylthiobutanoic acid": {"query_text": "roxy 4 acetylthiobutanoic acid", "text": "\n", "status_code": 200}, "oxy 4 acetylthiobutanoic acid": {"query_text": "oxy 4 acetylthiobutanoic acid", "text": "\n", "status_code": 200}, " 3 Hydroxy 6acetylthiohexanoic acid": {"query_text": " 3 Hydroxy 6acetylthiohexanoic acid", "text": "\n", "status_code": 200}, "3 Hydroxy 6acetylthiohexanoic acid": {"query_text": "3 Hydroxy 6acetylthiohexanoic acid", "text": "\n", "status_code": 200}, " Hydroxy 6acetylthiohexanoic acid": {"query_text": " Hydroxy 6acetylthiohexanoic acid", "text": "\n", "status_code": 200}, "Hydroxy 6acetylthiohexanoic acid": {"query_text": "Hydroxy 6acetylthiohexanoic acid", "text": "\n", "status_code": 200}, "ydroxy 6acetylthiohexanoic acid": {"query_text": "ydroxy 6acetylthiohexanoic acid", "text": "\n", "status_code": 200}, "droxy 6acetylthiohexanoic acid": {"query_text": "droxy 6acetylthiohexanoic acid", "text": "\n", "status_code": 200}, "roxy 6acetylthiohexanoic acid": {"query_text": "roxy 6acetylthiohexanoic acid", "text": "\n", "status_code": 200}, "oxy 6acetylthiohexanoic acid": {"query_text": "oxy 6acetylthiohexanoic acid", "text": "\n", "status_code": 200}, "Alginate  1 units of acetylated D mannuronate and 4 units ofL guluronate": {"query_text": "Alginate  1 units of acetylated D mannuronate and 4 units ofL guluronate", "text": "\n", "status_code": 200}, "lginate  1 units of acetylated D mannuronate and 4 units ofL guluronate": {"query_text": "lginate  1 units of acetylated D mannuronate and 4 units ofL guluronate", "text": "\n", "status_code": 200}, "ginate  1 units of acetylated D mannuronate and 4 units ofL guluronate": {"query_text": "ginate  1 units of acetylated D mannuronate and 4 units ofL guluronate", "text": "\n", "status_code": 200}, "inate  1 units of acetylated D mannuronate and 4 units ofL guluronate": {"query_text": "inate  1 units of acetylated D mannuronate and 4 units ofL guluronate", "text": "\n", "status_code": 200}, "nate  1 units of acetylated D mannuronate and 4 units ofL guluronate": {"query_text": "nate  1 units of acetylated D mannuronate and 4 units ofL guluronate", "text": "\n", "status_code": 200}, "ate  1 units of acetylated D mannuronate and 4 units ofL guluronate": {"query_text": "ate  1 units of acetylated D mannuronate and 4 units ofL guluronate", "text": "\n", "status_code": 200}, "te  1 units of acetylated D mannuronate and 4 units ofL guluronate": {"query_text": "te  1 units of acetylated D mannuronate and 4 units ofL guluronate", "text": "\n", "status_code": 200}, "e  1 units of acetylated D mannuronate and 4 units ofL guluronate": {"query_text": "e  1 units of acetylated D mannuronate and 4 units ofL guluronate", "text": "\n", "status_code": 200}, "D Mannuronate": {"query_text": "D Mannuronate", "text": "cpd:C00976\tGDP-D-mannuronate; GDP-D-mannuronic acid\ncpd:C02024\tD-Mannuronate; D-Mannuronic acid\ncpd:C05144\t(beta-D-Mannuronate)n; Poly(beta-D-mannuronate); Polymannuronate; Mannuronan\ncpd:C06240\tUDP-N-acetyl-D-mannosaminouronate; UDP-N-acetyl-2-amino-2-deoxy-D-mannuronate; UDP-N-acetyl-D-mannosaminuronic acid; UDP-N-acetyl-alpha-D-mannosaminuronate\ncpd:C19745\tUDP-2,3-diacetamido-2,3-dideoxy-alpha-D-mannuronate; UDP-alpha-D-ManNAc3NAcA; UDP-2,3-diacetamido-2,3-dideoxy-alpha-D-mannuronic acid\n", "status_code": 200}, "Prealginate KT2440   beta 1 4  linked copolymers of  beta D mannuronic acid  5 units": {"query_text": "Prealginate KT2440   beta 1 4  linked copolymers of  beta D mannuronic acid  5 units", "text": "\n", "status_code": 200}, "realginate KT2440   beta 1 4  linked copolymers of  beta D mannuronic acid  5 units": {"query_text": "realginate KT2440   beta 1 4  linked copolymers of  beta D mannuronic acid  5 units", "text": "\n", "status_code": 200}, "ealginate KT2440   beta 1 4  linked copolymers of  beta D mannuronic acid  5 units": {"query_text": "ealginate KT2440   beta 1 4  linked copolymers of  beta D mannuronic acid  5 units", "text": "\n", "status_code": 200}, "alginate KT2440   beta 1 4  linked copolymers of  beta D mannuronic acid  5 units": {"query_text": "alginate KT2440   beta 1 4  linked copolymers of  beta D mannuronic acid  5 units", "text": "\n", "status_code": 200}, "lginate KT2440   beta 1 4  linked copolymers of  beta D mannuronic acid  5 units": {"query_text": "lginate KT2440   beta 1 4  linked copolymers of  beta D mannuronic acid  5 units", "text": "\n", "status_code": 200}, "ginate KT2440   beta 1 4  linked copolymers of  beta D mannuronic acid  5 units": {"query_text": "ginate KT2440   beta 1 4  linked copolymers of  beta D mannuronic acid  5 units", "text": "\n", "status_code": 200}, "inate KT2440   beta 1 4  linked copolymers of  beta D mannuronic acid  5 units": {"query_text": "inate KT2440   beta 1 4  linked copolymers of  beta D mannuronic acid  5 units", "text": "\n", "status_code": 200}, "nate KT2440   beta 1 4  linked copolymers of  beta D mannuronic acid  5 units": {"query_text": "nate KT2440   beta 1 4  linked copolymers of  beta D mannuronic acid  5 units", "text": "\n", "status_code": 200}, "Dimmer of D mannuronate": {"query_text": "Dimmer of D mannuronate", "text": "\n", "status_code": 200}, "immer of D mannuronate": {"query_text": "immer of D mannuronate", "text": "\n", "status_code": 200}, "mmer of D mannuronate": {"query_text": "mmer of D mannuronate", "text": "\n", "status_code": 200}, "mer of D mannuronate": {"query_text": "mer of D mannuronate", "text": "\n", "status_code": 200}, "er of D mannuronate": {"query_text": "er of D mannuronate", "text": "\n", "status_code": 200}, "r of D mannuronate": {"query_text": "r of D mannuronate", "text": "\n", "status_code": 200}, " of D mannuronate": {"query_text": " of D mannuronate", "text": "\n", "status_code": 200}, "of D mannuronate": {"query_text": "of D mannuronate", "text": "\n", "status_code": 200}, "    Allantoin": {"query_text": "    Allantoin", "text": "cpd:C01551\tAllantoin; 5-Ureidohydantoin; Glyoxyldiureide\ncpd:C02348\t(R)(-)-Allantoin; (R)-Allantoin\ncpd:C02350\t(S)-Allantoin; (S)(+)-Allantoin\ncpd:C16362\t3,6,8-Trimethylallantoin\n", "status_code": 200}, "L alaninylhistidine": {"query_text": "L alaninylhistidine", "text": "\n", "status_code": 200}, " alaninylhistidine": {"query_text": " alaninylhistidine", "text": "\n", "status_code": 200}, "alaninylhistidine": {"query_text": "alaninylhistidine", "text": "\n", "status_code": 200}, "laninylhistidine": {"query_text": "laninylhistidine", "text": "\n", "status_code": 200}, "aninylhistidine": {"query_text": "aninylhistidine", "text": "\n", "status_code": 200}, "ninylhistidine": {"query_text": "ninylhistidine", "text": "\n", "status_code": 200}, "inylhistidine": {"query_text": "inylhistidine", "text": "\n", "status_code": 200}, "nylhistidine": {"query_text": "nylhistidine", "text": "\n", "status_code": 200}, "L alaninylleucine": {"query_text": "L alaninylleucine", "text": "\n", "status_code": 200}, " alaninylleucine": {"query_text": " alaninylleucine", "text": "\n", "status_code": 200}, "alaninylleucine": {"query_text": "alaninylleucine", "text": "\n", "status_code": 200}, "laninylleucine": {"query_text": "laninylleucine", "text": "\n", "status_code": 200}, "aninylleucine": {"query_text": "aninylleucine", "text": "\n", "status_code": 200}, "ninylleucine": {"query_text": "ninylleucine", "text": "\n", "status_code": 200}, "inylleucine": {"query_text": "inylleucine", "text": "\n", "status_code": 200}, "nylleucine": {"query_text": "nylleucine", "text": "\n", "status_code": 200}, "L alaninylthreonine": {"query_text": "L alaninylthreonine", "text": "\n", "status_code": 200}, " alaninylthreonine": {"query_text": " alaninylthreonine", "text": "\n", "status_code": 200}, "alaninylthreonine": {"query_text": "alaninylthreonine", "text": "\n", "status_code": 200}, "laninylthreonine": {"query_text": "laninylthreonine", "text": "\n", "status_code": 200}, "aninylthreonine": {"query_text": "aninylthreonine", "text": "\n", "status_code": 200}, "ninylthreonine": {"query_text": "ninylthreonine", "text": "\n", "status_code": 200}, "inylthreonine": {"query_text": "inylthreonine", "text": "\n", "status_code": 200}, "nylthreonine": {"query_text": "nylthreonine", "text": "\n", "status_code": 200}, "L alaninyltryptophan": {"query_text": "L alaninyltryptophan", "text": "\n", "status_code": 200}, " alaninyltryptophan": {"query_text": " alaninyltryptophan", "text": "\n", "status_code": 200}, "alaninyltryptophan": {"query_text": "alaninyltryptophan", "text": "\n", "status_code": 200}, "laninyltryptophan": {"query_text": "laninyltryptophan", "text": "\n", "status_code": 200}, "aninyltryptophan": {"query_text": "aninyltryptophan", "text": "\n", "status_code": 200}, "ninyltryptophan": {"query_text": "ninyltryptophan", "text": "\n", "status_code": 200}, "inyltryptophan": {"query_text": "inyltryptophan", "text": "\n", "status_code": 200}, "nyltryptophan": {"query_text": "nyltryptophan", "text": "\n", "status_code": 200}, "L glycinylglutamine": {"query_text": "L glycinylglutamine", "text": "\n", "status_code": 200}, " glycinylglutamine": {"query_text": " glycinylglutamine", "text": "\n", "status_code": 200}, "glycinylglutamine": {"query_text": "glycinylglutamine", "text": "\n", "status_code": 200}, "lycinylglutamine": {"query_text": "lycinylglutamine", "text": "\n", "status_code": 200}, "ycinylglutamine": {"query_text": "ycinylglutamine", "text": "\n", "status_code": 200}, "cinylglutamine": {"query_text": "cinylglutamine", "text": "\n", "status_code": 200}, "inylglutamine": {"query_text": "inylglutamine", "text": "\n", "status_code": 200}, "nylglutamine": {"query_text": "nylglutamine", "text": "\n", "status_code": 200}, "L glycinylglutamate": {"query_text": "L glycinylglutamate", "text": "\n", "status_code": 200}, " glycinylglutamate": {"query_text": " glycinylglutamate", "text": "\n", "status_code": 200}, "glycinylglutamate": {"query_text": "glycinylglutamate", "text": "\n", "status_code": 200}, "lycinylglutamate": {"query_text": "lycinylglutamate", "text": "\n", "status_code": 200}, "ycinylglutamate": {"query_text": "ycinylglutamate", "text": "\n", "status_code": 200}, "cinylglutamate": {"query_text": "cinylglutamate", "text": "\n", "status_code": 200}, "inylglutamate": {"query_text": "inylglutamate", "text": "\n", "status_code": 200}, "nylglutamate": {"query_text": "nylglutamate", "text": "\n", "status_code": 200}, "L Glycinylmethionine": {"query_text": "L Glycinylmethionine", "text": "\n", "status_code": 200}, " Glycinylmethionine": {"query_text": " Glycinylmethionine", "text": "\n", "status_code": 200}, "Glycinylmethionine": {"query_text": "Glycinylmethionine", "text": "\n", "status_code": 200}, "lycinylmethionine": {"query_text": "lycinylmethionine", "text": "\n", "status_code": 200}, "ycinylmethionine": {"query_text": "ycinylmethionine", "text": "\n", "status_code": 200}, "cinylmethionine": {"query_text": "cinylmethionine", "text": "\n", "status_code": 200}, "inylmethionine": {"query_text": "inylmethionine", "text": "\n", "status_code": 200}, "nylmethionine": {"query_text": "nylmethionine", "text": "\n", "status_code": 200}, "L histidinylglycine": {"query_text": "L histidinylglycine", "text": "\n", "status_code": 200}, " histidinylglycine": {"query_text": " histidinylglycine", "text": "\n", "status_code": 200}, "histidinylglycine": {"query_text": "histidinylglycine", "text": "\n", "status_code": 200}, "istidinylglycine": {"query_text": "istidinylglycine", "text": "\n", "status_code": 200}, "stidinylglycine": {"query_text": "stidinylglycine", "text": "\n", "status_code": 200}, "tidinylglycine": {"query_text": "tidinylglycine", "text": "\n", "status_code": 200}, "idinylglycine": {"query_text": "idinylglycine", "text": "\n", "status_code": 200}, "dinylglycine": {"query_text": "dinylglycine", "text": "\n", "status_code": 200}, "L histidinylhistidine": {"query_text": "L histidinylhistidine", "text": "\n", "status_code": 200}, " histidinylhistidine": {"query_text": " histidinylhistidine", "text": "\n", "status_code": 200}, "histidinylhistidine": {"query_text": "histidinylhistidine", "text": "\n", "status_code": 200}, "istidinylhistidine": {"query_text": "istidinylhistidine", "text": "\n", "status_code": 200}, "stidinylhistidine": {"query_text": "stidinylhistidine", "text": "\n", "status_code": 200}, "tidinylhistidine": {"query_text": "tidinylhistidine", "text": "\n", "status_code": 200}, "idinylhistidine": {"query_text": "idinylhistidine", "text": "\n", "status_code": 200}, "dinylhistidine": {"query_text": "dinylhistidine", "text": "\n", "status_code": 200}, "Erythro 3 HydroxyL aspartate": {"query_text": "Erythro 3 HydroxyL aspartate", "text": "\n", "status_code": 200}, "rythro 3 HydroxyL aspartate": {"query_text": "rythro 3 HydroxyL aspartate", "text": "\n", "status_code": 200}, "ythro 3 HydroxyL aspartate": {"query_text": "ythro 3 HydroxyL aspartate", "text": "\n", "status_code": 200}, "thro 3 HydroxyL aspartate": {"query_text": "thro 3 HydroxyL aspartate", "text": "\n", "status_code": 200}, "hro 3 HydroxyL aspartate": {"query_text": "hro 3 HydroxyL aspartate", "text": "\n", "status_code": 200}, "ro 3 HydroxyL aspartate": {"query_text": "ro 3 HydroxyL aspartate", "text": "\n", "status_code": 200}, "o 3 HydroxyL aspartate": {"query_text": "o 3 HydroxyL aspartate", "text": "\n", "status_code": 200}, " 3 HydroxyL aspartate": {"query_text": " 3 HydroxyL aspartate", "text": "\n", "status_code": 200}, "Chromite": {"query_text": "Chromite", "text": "\n", "status_code": 200}, "hromite": {"query_text": "hromite", "text": "\n", "status_code": 200}, "romite": {"query_text": "romite", "text": "\n", "status_code": 200}, "omite": {"query_text": "omite", "text": "\n", "status_code": 200}, "mite": {"query_text": "mite", "text": "cpd:C19019\tAramite\n", "status_code": 200}, "N Methylhydantoin": {"query_text": "N Methylhydantoin", "text": "cpd:C02565\tN-Methylhydantoin; N-Methylimidazolidine-2,4-dione\ncpd:C03703\tL-5-Carboxymethylhydantoin\n", "status_code": 200}, "3 Hydroxyphenylhexanoyl CoA": {"query_text": "3 Hydroxyphenylhexanoyl CoA", "text": "\n", "status_code": 200}, " Hydroxyphenylhexanoyl CoA": {"query_text": " Hydroxyphenylhexanoyl CoA", "text": "\n", "status_code": 200}, "Hydroxyphenylhexanoyl CoA": {"query_text": "Hydroxyphenylhexanoyl CoA", "text": "\n", "status_code": 200}, "ydroxyphenylhexanoyl CoA": {"query_text": "ydroxyphenylhexanoyl CoA", "text": "\n", "status_code": 200}, "droxyphenylhexanoyl CoA": {"query_text": "droxyphenylhexanoyl CoA", "text": "\n", "status_code": 200}, "roxyphenylhexanoyl CoA": {"query_text": "roxyphenylhexanoyl CoA", "text": "\n", "status_code": 200}, "oxyphenylhexanoyl CoA": {"query_text": "oxyphenylhexanoyl CoA", "text": "\n", "status_code": 200}, "xyphenylhexanoyl CoA": {"query_text": "xyphenylhexanoyl CoA", "text": "\n", "status_code": 200}, "3 Hydroxyphenylpentanoyl CoA": {"query_text": "3 Hydroxyphenylpentanoyl CoA", "text": "\n", "status_code": 200}, " Hydroxyphenylpentanoyl CoA": {"query_text": " Hydroxyphenylpentanoyl CoA", "text": "\n", "status_code": 200}, "Hydroxyphenylpentanoyl CoA": {"query_text": "Hydroxyphenylpentanoyl CoA", "text": "\n", "status_code": 200}, "ydroxyphenylpentanoyl CoA": {"query_text": "ydroxyphenylpentanoyl CoA", "text": "\n", "status_code": 200}, "droxyphenylpentanoyl CoA": {"query_text": "droxyphenylpentanoyl CoA", "text": "\n", "status_code": 200}, "roxyphenylpentanoyl CoA": {"query_text": "roxyphenylpentanoyl CoA", "text": "\n", "status_code": 200}, "oxyphenylpentanoyl CoA": {"query_text": "oxyphenylpentanoyl CoA", "text": "\n", "status_code": 200}, "xyphenylpentanoyl CoA": {"query_text": "xyphenylpentanoyl CoA", "text": "\n", "status_code": 200}, "3 Hydroxyphenylbutanoyl CoA": {"query_text": "3 Hydroxyphenylbutanoyl CoA", "text": "\n", "status_code": 200}, " Hydroxyphenylbutanoyl CoA": {"query_text": " Hydroxyphenylbutanoyl CoA", "text": "\n", "status_code": 200}, "Hydroxyphenylbutanoyl CoA": {"query_text": "Hydroxyphenylbutanoyl CoA", "text": "\n", "status_code": 200}, "ydroxyphenylbutanoyl CoA": {"query_text": "ydroxyphenylbutanoyl CoA", "text": "\n", "status_code": 200}, "droxyphenylbutanoyl CoA": {"query_text": "droxyphenylbutanoyl CoA", "text": "\n", "status_code": 200}, "roxyphenylbutanoyl CoA": {"query_text": "roxyphenylbutanoyl CoA", "text": "\n", "status_code": 200}, "oxyphenylbutanoyl CoA": {"query_text": "oxyphenylbutanoyl CoA", "text": "\n", "status_code": 200}, "xyphenylbutanoyl CoA": {"query_text": "xyphenylbutanoyl CoA", "text": "\n", "status_code": 200}, "3 Hydroxy 6 acetylthiohexanoyl CoA": {"query_text": "3 Hydroxy 6 acetylthiohexanoyl CoA", "text": "\n", "status_code": 200}, " Hydroxy 6 acetylthiohexanoyl CoA": {"query_text": " Hydroxy 6 acetylthiohexanoyl CoA", "text": "\n", "status_code": 200}, "Hydroxy 6 acetylthiohexanoyl CoA": {"query_text": "Hydroxy 6 acetylthiohexanoyl CoA", "text": "\n", "status_code": 200}, "ydroxy 6 acetylthiohexanoyl CoA": {"query_text": "ydroxy 6 acetylthiohexanoyl CoA", "text": "\n", "status_code": 200}, "droxy 6 acetylthiohexanoyl CoA": {"query_text": "droxy 6 acetylthiohexanoyl CoA", "text": "\n", "status_code": 200}, "roxy 6 acetylthiohexanoyl CoA": {"query_text": "roxy 6 acetylthiohexanoyl CoA", "text": "\n", "status_code": 200}, "oxy 6 acetylthiohexanoyl CoA": {"query_text": "oxy 6 acetylthiohexanoyl CoA", "text": "\n", "status_code": 200}, "xy 6 acetylthiohexanoyl CoA": {"query_text": "xy 6 acetylthiohexanoyl CoA", "text": "\n", "status_code": 200}, "3 Hydroxy 4 acetylthiobutanyl CoA": {"query_text": "3 Hydroxy 4 acetylthiobutanyl CoA", "text": "\n", "status_code": 200}, " Hydroxy 4 acetylthiobutanyl CoA": {"query_text": " Hydroxy 4 acetylthiobutanyl CoA", "text": "\n", "status_code": 200}, "Hydroxy 4 acetylthiobutanyl CoA": {"query_text": "Hydroxy 4 acetylthiobutanyl CoA", "text": "\n", "status_code": 200}, "ydroxy 4 acetylthiobutanyl CoA": {"query_text": "ydroxy 4 acetylthiobutanyl CoA", "text": "\n", "status_code": 200}, "droxy 4 acetylthiobutanyl CoA": {"query_text": "droxy 4 acetylthiobutanyl CoA", "text": "\n", "status_code": 200}, "roxy 4 acetylthiobutanyl CoA": {"query_text": "roxy 4 acetylthiobutanyl CoA", "text": "\n", "status_code": 200}, "oxy 4 acetylthiobutanyl CoA": {"query_text": "oxy 4 acetylthiobutanyl CoA", "text": "\n", "status_code": 200}, "xy 4 acetylthiobutanyl CoA": {"query_text": "xy 4 acetylthiobutanyl CoA", "text": "\n", "status_code": 200}, "S  3 hydroxy  7Z  tetradecenyl CoA": {"query_text": "S  3 hydroxy  7Z  tetradecenyl CoA", "text": "\n", "status_code": 200}, "  3 hydroxy  7Z  tetradecenyl CoA": {"query_text": "  3 hydroxy  7Z  tetradecenyl CoA", "text": "\n", "status_code": 200}, " 3 hydroxy  7Z  tetradecenyl CoA": {"query_text": " 3 hydroxy  7Z  tetradecenyl CoA", "text": "\n", "status_code": 200}, "3 hydroxy  7Z  tetradecenyl CoA": {"query_text": "3 hydroxy  7Z  tetradecenyl CoA", "text": "\n", "status_code": 200}, " hydroxy  7Z  tetradecenyl CoA": {"query_text": " hydroxy  7Z  tetradecenyl CoA", "text": "\n", "status_code": 200}, "hydroxy  7Z  tetradecenyl CoA": {"query_text": "hydroxy  7Z  tetradecenyl CoA", "text": "\n", "status_code": 200}, "ydroxy  7Z  tetradecenyl CoA": {"query_text": "ydroxy  7Z  tetradecenyl CoA", "text": "\n", "status_code": 200}, "droxy  7Z  tetradecenyl CoA": {"query_text": "droxy  7Z  tetradecenyl CoA", "text": "\n", "status_code": 200}, "S  3 hydroxy  5Z  dodedecenyl CoA": {"query_text": "S  3 hydroxy  5Z  dodedecenyl CoA", "text": "\n", "status_code": 200}, "  3 hydroxy  5Z  dodedecenyl CoA": {"query_text": "  3 hydroxy  5Z  dodedecenyl CoA", "text": "\n", "status_code": 200}, " 3 hydroxy  5Z  dodedecenyl CoA": {"query_text": " 3 hydroxy  5Z  dodedecenyl CoA", "text": "\n", "status_code": 200}, "3 hydroxy  5Z  dodedecenyl CoA": {"query_text": "3 hydroxy  5Z  dodedecenyl CoA", "text": "\n", "status_code": 200}, " hydroxy  5Z  dodedecenyl CoA": {"query_text": " hydroxy  5Z  dodedecenyl CoA", "text": "\n", "status_code": 200}, "hydroxy  5Z  dodedecenyl CoA": {"query_text": "hydroxy  5Z  dodedecenyl CoA", "text": "\n", "status_code": 200}, "ydroxy  5Z  dodedecenyl CoA": {"query_text": "ydroxy  5Z  dodedecenyl CoA", "text": "\n", "status_code": 200}, "droxy  5Z  dodedecenyl CoA": {"query_text": "droxy  5Z  dodedecenyl CoA", "text": "\n", "status_code": 200}, "3-hydroxy-(5Z)-dodecenoyl-CoA": {"query_text": "3-hydroxy-(5Z)-dodecenoyl-CoA", "text": "\n", "status_code": 200}, "-hydroxy-(5Z)-dodecenoyl-CoA": {"query_text": "-hydroxy-(5Z)-dodecenoyl-CoA", "text": null, "status_code": 400}, "S  3 hydroxy  5Z 8Z  tetradecedienyl CoA": {"query_text": "S  3 hydroxy  5Z 8Z  tetradecedienyl CoA", "text": "\n", "status_code": 200}, "  3 hydroxy  5Z 8Z  tetradecedienyl CoA": {"query_text": "  3 hydroxy  5Z 8Z  tetradecedienyl CoA", "text": "\n", "status_code": 200}, "S  3 hydroxy  6Z  dodedecenyl CoA": {"query_text": "S  3 hydroxy  6Z  dodedecenyl CoA", "text": "\n", "status_code": 200}, "  3 hydroxy  6Z  dodedecenyl CoA": {"query_text": "  3 hydroxy  6Z  dodedecenyl CoA", "text": "\n", "status_code": 200}, "xy 4Z decenoyl CoA": {"query_text": "xy 4Z decenoyl CoA", "text": "\n", "status_code": 200}, "N alpha AcetylL 2 4 diaminobutyrate": {"query_text": "N alpha AcetylL 2 4 diaminobutyrate", "text": "\n", "status_code": 200}, " alpha AcetylL 2 4 diaminobutyrate": {"query_text": " alpha AcetylL 2 4 diaminobutyrate", "text": "\n", "status_code": 200}, "alpha AcetylL 2 4 diaminobutyrate": {"query_text": "alpha AcetylL 2 4 diaminobutyrate", "text": "\n", "status_code": 200}, "lpha AcetylL 2 4 diaminobutyrate": {"query_text": "lpha AcetylL 2 4 diaminobutyrate", "text": "\n", "status_code": 200}, "pha AcetylL 2 4 diaminobutyrate": {"query_text": "pha AcetylL 2 4 diaminobutyrate", "text": "\n", "status_code": 200}, "ha AcetylL 2 4 diaminobutyrate": {"query_text": "ha AcetylL 2 4 diaminobutyrate", "text": "\n", "status_code": 200}, "a AcetylL 2 4 diaminobutyrate": {"query_text": "a AcetylL 2 4 diaminobutyrate", "text": "\n", "status_code": 200}, " AcetylL 2 4 diaminobutyrate": {"query_text": " AcetylL 2 4 diaminobutyrate", "text": "\n", "status_code": 200}, "Ferribactin  Pputida KT2440 specific": {"query_text": "Ferribactin  Pputida KT2440 specific", "text": "\n", "status_code": 200}, "erribactin  Pputida KT2440 specific": {"query_text": "erribactin  Pputida KT2440 specific", "text": "\n", "status_code": 200}, "rribactin  Pputida KT2440 specific": {"query_text": "rribactin  Pputida KT2440 specific", "text": "\n", "status_code": 200}, "ribactin  Pputida KT2440 specific": {"query_text": "ribactin  Pputida KT2440 specific", "text": "\n", "status_code": 200}, "ibactin  Pputida KT2440 specific": {"query_text": "ibactin  Pputida KT2440 specific", "text": "\n", "status_code": 200}, "bactin  Pputida KT2440 specific": {"query_text": "bactin  Pputida KT2440 specific", "text": "\n", "status_code": 200}, "actin  Pputida KT2440 specific": {"query_text": "actin  Pputida KT2440 specific", "text": "\n", "status_code": 200}, "ctin  Pputida KT2440 specific": {"query_text": "ctin  Pputida KT2440 specific", "text": "\n", "status_code": 200}, "Dimethyl sulfone": {"query_text": "Dimethyl sulfone", "text": "cpd:C11142\tDimethyl sulfone; Sulfonylbismethane\n", "status_code": 200}, "Ferredoxin  oxided form 2Fe 2S": {"query_text": "Ferredoxin  oxided form 2Fe 2S", "text": "\n", "status_code": 200}, "erredoxin  oxided form 2Fe 2S": {"query_text": "erredoxin  oxided form 2Fe 2S", "text": "\n", "status_code": 200}, "rredoxin  oxided form 2Fe 2S": {"query_text": "rredoxin  oxided form 2Fe 2S", "text": "\n", "status_code": 200}, "redoxin  oxided form 2Fe 2S": {"query_text": "redoxin  oxided form 2Fe 2S", "text": "\n", "status_code": 200}, "edoxin  oxided form 2Fe 2S": {"query_text": "edoxin  oxided form 2Fe 2S", "text": "\n", "status_code": 200}, "doxin  oxided form 2Fe 2S": {"query_text": "doxin  oxided form 2Fe 2S", "text": "\n", "status_code": 200}, "oxin  oxided form 2Fe 2S": {"query_text": "oxin  oxided form 2Fe 2S", "text": "\n", "status_code": 200}, "xin  oxided form 2Fe 2S": {"query_text": "xin  oxided form 2Fe 2S", "text": "\n", "status_code": 200}, "Ferrypyoverdine  P putida KT2440 specific": {"query_text": "Ferrypyoverdine  P putida KT2440 specific", "text": "\n", "status_code": 200}, "errypyoverdine  P putida KT2440 specific": {"query_text": "errypyoverdine  P putida KT2440 specific", "text": "\n", "status_code": 200}, "rrypyoverdine  P putida KT2440 specific": {"query_text": "rrypyoverdine  P putida KT2440 specific", "text": "\n", "status_code": 200}, "rypyoverdine  P putida KT2440 specific": {"query_text": "rypyoverdine  P putida KT2440 specific", "text": "\n", "status_code": 200}, "ypyoverdine  P putida KT2440 specific": {"query_text": "ypyoverdine  P putida KT2440 specific", "text": "\n", "status_code": 200}, "pyoverdine  P putida KT2440 specific": {"query_text": "pyoverdine  P putida KT2440 specific", "text": "\n", "status_code": 200}, "yoverdine  P putida KT2440 specific": {"query_text": "yoverdine  P putida KT2440 specific", "text": "\n", "status_code": 200}, "overdine  P putida KT2440 specific": {"query_text": "overdine  P putida KT2440 specific", "text": "\n", "status_code": 200}, "Gamma glutamyl gamma delta Aminovalerate acid": {"query_text": "Gamma glutamyl gamma delta Aminovalerate acid", "text": "\n", "status_code": 200}, "amma glutamyl gamma delta Aminovalerate acid": {"query_text": "amma glutamyl gamma delta Aminovalerate acid", "text": "\n", "status_code": 200}, "mma glutamyl gamma delta Aminovalerate acid": {"query_text": "mma glutamyl gamma delta Aminovalerate acid", "text": "\n", "status_code": 200}, "ma glutamyl gamma delta Aminovalerate acid": {"query_text": "ma glutamyl gamma delta Aminovalerate acid", "text": "\n", "status_code": 200}, "a glutamyl gamma delta Aminovalerate acid": {"query_text": "a glutamyl gamma delta Aminovalerate acid", "text": "\n", "status_code": 200}, " glutamyl gamma delta Aminovalerate acid": {"query_text": " glutamyl gamma delta Aminovalerate acid", "text": "\n", "status_code": 200}, "glutamyl gamma delta Aminovalerate acid": {"query_text": "glutamyl gamma delta Aminovalerate acid", "text": "\n", "status_code": 200}, "lutamyl gamma delta Aminovalerate acid": {"query_text": "lutamyl gamma delta Aminovalerate acid", "text": "\n", "status_code": 200}, "Gamma glutamyl delta Aminopentanal": {"query_text": "Gamma glutamyl delta Aminopentanal", "text": "\n", "status_code": 200}, "amma glutamyl delta Aminopentanal": {"query_text": "amma glutamyl delta Aminopentanal", "text": "\n", "status_code": 200}, "mma glutamyl delta Aminopentanal": {"query_text": "mma glutamyl delta Aminopentanal", "text": "\n", "status_code": 200}, "ma glutamyl delta Aminopentanal": {"query_text": "ma glutamyl delta Aminopentanal", "text": "\n", "status_code": 200}, "a glutamyl delta Aminopentanal": {"query_text": "a glutamyl delta Aminopentanal", "text": "\n", "status_code": 200}, " glutamyl delta Aminopentanal": {"query_text": " glutamyl delta Aminopentanal", "text": "\n", "status_code": 200}, "glutamyl delta Aminopentanal": {"query_text": "glutamyl delta Aminopentanal", "text": "\n", "status_code": 200}, "lutamyl delta Aminopentanal": {"query_text": "lutamyl delta Aminopentanal", "text": "\n", "status_code": 200}, "Gamma glutamyl cadaverine synthase": {"query_text": "Gamma glutamyl cadaverine synthase", "text": "\n", "status_code": 200}, "amma glutamyl cadaverine synthase": {"query_text": "amma glutamyl cadaverine synthase", "text": "\n", "status_code": 200}, "mma glutamyl cadaverine synthase": {"query_text": "mma glutamyl cadaverine synthase", "text": "\n", "status_code": 200}, "ma glutamyl cadaverine synthase": {"query_text": "ma glutamyl cadaverine synthase", "text": "\n", "status_code": 200}, "a glutamyl cadaverine synthase": {"query_text": "a glutamyl cadaverine synthase", "text": "\n", "status_code": 200}, " glutamyl cadaverine synthase": {"query_text": " glutamyl cadaverine synthase", "text": "\n", "status_code": 200}, "glutamyl cadaverine synthase": {"query_text": "glutamyl cadaverine synthase", "text": "\n", "status_code": 200}, "lutamyl cadaverine synthase": {"query_text": "lutamyl cadaverine synthase", "text": "\n", "status_code": 200}, "Gamma glutamyl gamma beta Aminopropionate": {"query_text": "Gamma glutamyl gamma beta Aminopropionate", "text": "\n", "status_code": 200}, "amma glutamyl gamma beta Aminopropionate": {"query_text": "amma glutamyl gamma beta Aminopropionate", "text": "\n", "status_code": 200}, "mma glutamyl gamma beta Aminopropionate": {"query_text": "mma glutamyl gamma beta Aminopropionate", "text": "\n", "status_code": 200}, "ma glutamyl gamma beta Aminopropionate": {"query_text": "ma glutamyl gamma beta Aminopropionate", "text": "\n", "status_code": 200}, "a glutamyl gamma beta Aminopropionate": {"query_text": "a glutamyl gamma beta Aminopropionate", "text": "\n", "status_code": 200}, " glutamyl gamma beta Aminopropionate": {"query_text": " glutamyl gamma beta Aminopropionate", "text": "\n", "status_code": 200}, "glutamyl gamma beta Aminopropionate": {"query_text": "glutamyl gamma beta Aminopropionate", "text": "\n", "status_code": 200}, "lutamyl gamma beta Aminopropionate": {"query_text": "lutamyl gamma beta Aminopropionate", "text": "\n", "status_code": 200}, "Gamma glutamyl beta Aminopropion aldehyde": {"query_text": "Gamma glutamyl beta Aminopropion aldehyde", "text": "\n", "status_code": 200}, "amma glutamyl beta Aminopropion aldehyde": {"query_text": "amma glutamyl beta Aminopropion aldehyde", "text": "\n", "status_code": 200}, "mma glutamyl beta Aminopropion aldehyde": {"query_text": "mma glutamyl beta Aminopropion aldehyde", "text": "\n", "status_code": 200}, "ma glutamyl beta Aminopropion aldehyde": {"query_text": "ma glutamyl beta Aminopropion aldehyde", "text": "\n", "status_code": 200}, "a glutamyl beta Aminopropion aldehyde": {"query_text": "a glutamyl beta Aminopropion aldehyde", "text": "\n", "status_code": 200}, " glutamyl beta Aminopropion aldehyde": {"query_text": " glutamyl beta Aminopropion aldehyde", "text": "\n", "status_code": 200}, "glutamyl beta Aminopropion aldehyde": {"query_text": "glutamyl beta Aminopropion aldehyde", "text": "\n", "status_code": 200}, "lutamyl beta Aminopropion aldehyde": {"query_text": "lutamyl beta Aminopropion aldehyde", "text": "\n", "status_code": 200}, "Gamma glutamyl diaminopropane": {"query_text": "Gamma glutamyl diaminopropane", "text": "\n", "status_code": 200}, "amma glutamyl diaminopropane": {"query_text": "amma glutamyl diaminopropane", "text": "\n", "status_code": 200}, "mma glutamyl diaminopropane": {"query_text": "mma glutamyl diaminopropane", "text": "\n", "status_code": 200}, "ma glutamyl diaminopropane": {"query_text": "ma glutamyl diaminopropane", "text": "\n", "status_code": 200}, "a glutamyl diaminopropane": {"query_text": "a glutamyl diaminopropane", "text": "\n", "status_code": 200}, " glutamyl diaminopropane": {"query_text": " glutamyl diaminopropane", "text": "\n", "status_code": 200}, "glutamyl diaminopropane": {"query_text": "glutamyl diaminopropane", "text": "\n", "status_code": 200}, "lutamyl diaminopropane": {"query_text": "lutamyl diaminopropane", "text": "\n", "status_code": 200}, "Gamma glutamyl spermidine": {"query_text": "Gamma glutamyl spermidine", "text": "cpd:C02090\tTrypanothione; N1,N8-Bis(gamma-L-glutamyl-L-cysteinyl-glycyl)spermidine; N1,N8-Bis(glutathionyl)spermidine; Reduced trypanothione\ncpd:C05730\tGlutathionylspermidine; N1-(gamma-L-Glutamyl-L-cysteinyl-glycyl)-spermidine\n", "status_code": 200}, "Branching glycogen  4 units": {"query_text": "Branching glycogen  4 units", "text": "\n", "status_code": 200}, "ranching glycogen  4 units": {"query_text": "ranching glycogen  4 units", "text": "\n", "status_code": 200}, "anching glycogen  4 units": {"query_text": "anching glycogen  4 units", "text": "\n", "status_code": 200}, "nching glycogen  4 units": {"query_text": "nching glycogen  4 units", "text": "\n", "status_code": 200}, "ching glycogen  4 units": {"query_text": "ching glycogen  4 units", "text": "\n", "status_code": 200}, "hing glycogen  4 units": {"query_text": "hing glycogen  4 units", "text": "\n", "status_code": 200}, "ing glycogen  4 units": {"query_text": "ing glycogen  4 units", "text": "\n", "status_code": 200}, "ng glycogen  4 units": {"query_text": "ng glycogen  4 units", "text": "\n", "status_code": 200}, "Glycogen  4 units  linear glucan": {"query_text": "Glycogen  4 units  linear glucan", "text": "\n", "status_code": 200}, "lycogen  4 units  linear glucan": {"query_text": "lycogen  4 units  linear glucan", "text": "\n", "status_code": 200}, "ycogen  4 units  linear glucan": {"query_text": "ycogen  4 units  linear glucan", "text": "\n", "status_code": 200}, "cogen  4 units  linear glucan": {"query_text": "cogen  4 units  linear glucan", "text": "\n", "status_code": 200}, "ogen  4 units  linear glucan": {"query_text": "ogen  4 units  linear glucan", "text": "\n", "status_code": 200}, "gen  4 units  linear glucan": {"query_text": "gen  4 units  linear glucan", "text": "\n", "status_code": 200}, "en  4 units  linear glucan": {"query_text": "en  4 units  linear glucan", "text": "\n", "status_code": 200}, "n  4 units  linear glucan": {"query_text": "n  4 units  linear glucan", "text": "\n", "status_code": 200}, "3 dehydrocarnitine coenzyme A": {"query_text": "3 dehydrocarnitine coenzyme A", "text": "\n", "status_code": 200}, " dehydrocarnitine coenzyme A": {"query_text": " dehydrocarnitine coenzyme A", "text": "\n", "status_code": 200}, "dehydrocarnitine coenzyme A": {"query_text": "dehydrocarnitine coenzyme A", "text": "\n", "status_code": 200}, "ehydrocarnitine coenzyme A": {"query_text": "ehydrocarnitine coenzyme A", "text": "\n", "status_code": 200}, "hydrocarnitine coenzyme A": {"query_text": "hydrocarnitine coenzyme A", "text": "\n", "status_code": 200}, "ydrocarnitine coenzyme A": {"query_text": "ydrocarnitine coenzyme A", "text": "\n", "status_code": 200}, "drocarnitine coenzyme A": {"query_text": "drocarnitine coenzyme A", "text": "\n", "status_code": 200}, "rocarnitine coenzyme A": {"query_text": "rocarnitine coenzyme A", "text": "\n", "status_code": 200}, "Glycine betaine coenzyme A": {"query_text": "Glycine betaine coenzyme A", "text": "\n", "status_code": 200}, "lycine betaine coenzyme A": {"query_text": "lycine betaine coenzyme A", "text": "\n", "status_code": 200}, "ycine betaine coenzyme A": {"query_text": "ycine betaine coenzyme A", "text": "\n", "status_code": 200}, "cine betaine coenzyme A": {"query_text": "cine betaine coenzyme A", "text": "\n", "status_code": 200}, "ine betaine coenzyme A": {"query_text": "ine betaine coenzyme A", "text": "\n", "status_code": 200}, "ne betaine coenzyme A": {"query_text": "ne betaine coenzyme A", "text": "\n", "status_code": 200}, "e betaine coenzyme A": {"query_text": "e betaine coenzyme A", "text": "\n", "status_code": 200}, " betaine coenzyme A": {"query_text": " betaine coenzyme A", "text": "\n", "status_code": 200}, "Glycol": {"query_text": "Glycol", "text": "cpd:C00160\tGlycolate; Glycolic acid; Hydroxyacetic acid\ncpd:C00266\tGlycolaldehyde; Hydroxyacetaldehyde\ncpd:C00583\tPropane-1,2-diol; 1,2-Propanediol; Propylene glycol\ncpd:C00603\t(S)-Ureidoglycolate; (-)-Ureidoglycolate\ncpd:C00928\tMercaptoethanol; 2-Mercaptoethanol; Thioglycol\ncpd:C00988\t2-Phosphoglycolate; Phosphoglycolic acid\ncpd:C01380\tEthylene glycol; 1,2-Ethanediol; Ethane-1,2-diol\ncpd:C01506\tL-Glycol\ncpd:C02086\tThioglycolate; Mercaptoacetic acid; Mercaptoethanoic acid; Thioglycolic acid\ncpd:C02457\tPropane-1,3-diol; 1,3-Propanediol; Trimethylene glycol\ncpd:C02766\t(R)-Ureidoglycolate; (+)-Ureidoglycolate; (+)-Ureidoglycolic acid\ncpd:C02912\t(R)-Propane-1,2-diol; (R)-1,2-Propanediol; (R)-Propylene glycol\ncpd:C02917\t(S)-Propane-1,2-diol; (S)-1,2-Propanediol; (S)-Propylene glycol\ncpd:C03044\t(R,R)-Butane-2,3-diol; (R,R)-2,3-Butanediol; (R,R)-2,3-Butylene glycol\ncpd:C03046\t(S,S)-Butane-2,3-diol; (S,S)-2,3-Butanediol; (S,S)-2,3-Butylene glycol; (2S,3S)-Butane-2,3-diol\ncpd:C03146\tN-Glycolyl-D-glucosamine\ncpd:C03173\tS-Methylthioglycolate; (Methylsulfanyl)acetic acid; (Methylthio)acetic acid; (Methylsulfanyl)acetate\ncpd:C03230\t(Indol-3-yl)glycolaldehyde; 3-Indoleglycolaldehyde\ncpd:C03303\t[Peptide]-(2S)-2-hydroxyglycine; Peptidylamidoglycolate; Peptidyl(2-hydroxyglycine)\ncpd:C03410\tN-Glycoloyl-neuraminate; N-Glycolylneuraminate; Neu5Gc\ncpd:C03459\t2-Hydroxy-3-oxosuccinate; Oxaloglycolate\ncpd:C03521\tGlycolyl-D-mannosamine; N-Glycolyl-D-mannosamine\ncpd:C03691\tCMP-N-glycoloylneuraminate; CMP-N-glycolylneuraminate; CMP-Neu5Gc\ncpd:C03948\tN-Glycolyl-D-mannosaminolactone; Glycolyl-D-mannosaminolactone\ncpd:C04091\tcis-1,2-Dihydrobenzene-1,2-diol; cis-Benzeneglycol; cis-Cyclohexa-3,5-diene-1,2-diol\ncpd:C04336\tN-Glycolyl-D-mannosamine 6-phosphate\ncpd:C04648\talpha-L-Fucosyl-1,2-beta-D-galactoside; Glycoprotein alpha-L-fucosyl-(1,2)-D-galactose; Glycolipid alpha-L-fucosyl-1,2-beta-D-galactose; alpha-L-Fucosyl-(1->2)-D-galactosyl-R\ncpd:C05005\tGlycolipid\ncpd:C05146\tHydantoin; Glycolylurea\ncpd:C05576\t3,4-Dihydroxyphenylethyleneglycol\ncpd:C05577\t3,4-Dihydroxymandelaldehyde; 3,4-Dihydroxyphenylglycolaldehyde\ncpd:C05583\t3-Methoxy-4-hydroxyphenylglycolaldehyde\ncpd:C05594\t3-Methoxy-4-hydroxyphenylethyleneglycol\ncpd:C06132\tType A glycolipid; GalNAc-alpha1->3(Fuc-alpha1->2)Gal-beta1->3GlcNAc-beta1->3LacCer; GalNAc-alpha1->3(Fuc-alpha1->2)Gal-beta1->3GlcNAc-beta1->3Gal-beta1->4Glc-beta1->1'Cer\ncpd:C06752\t1,2-Dichloroethane; Ethylene dichloride; Glycol dichloride; Dutch liquid\ncpd:C06753\t2-Chloroethanol; Ethylene chlorohydrin; Glycol chlorohydrin\ncpd:C09030\tPtaeroglycol\ncpd:C11301\tSulfoglycolithocholate; Glycolithocholate 3-sulfate; Sulfolithocholylglycine\ncpd:C13493\tPolidocanol; Nonaethylene glycol monododecyl ether\ncpd:C14689\tDiethylene glycol; 2,2'-Oxydiethanol; 1,5-Dihydroxy-3-oxapentane\ncpd:C14695\tNitrilotriacetic acid; Triglycollamic acid; Nitrilotriacetate\ncpd:C15557\tGlycolithocholate; Glycolithocholic acid\ncpd:C15588\tGlycol\ncpd:C19356\t1-tert-Butoxy-2-propanol; 1-(1,1-Dimethylethoxy)-2-propanol; Propylene glycol mono-t-buthyl ether\ncpd:C19537\tTriethylene glycol diglycidyl ether; Etoglucid\ncpd:C20335\t1,3-Butanediol; 1,3-Butylene glycol\ncpd:C21053\tN-Glycolylmuramic acid; 2-Glycolylamido-3-O-[(R)-1-carboxyethyl]-2-deoxy-D-glucopyranose\ncpd:C21290\t2-Methylpropane-1,2-diol; Isobutene glycol\ncpd:C21614\tGlycolaldehyde phosphate\ncpd:C21615\tGlycolaldehyde triphosphate\n", "status_code": 200}, "xyheptanoyl CoA": {"query_text": "xyheptanoyl CoA", "text": "\n", "status_code": 200}, "3 Hydroxynonanoyl CoA": {"query_text": "3 Hydroxynonanoyl CoA", "text": "\n", "status_code": 200}, " Hydroxynonanoyl CoA": {"query_text": " Hydroxynonanoyl CoA", "text": "\n", "status_code": 200}, "Hydroxynonanoyl CoA": {"query_text": "Hydroxynonanoyl CoA", "text": "\n", "status_code": 200}, "ydroxynonanoyl CoA": {"query_text": "ydroxynonanoyl CoA", "text": "\n", "status_code": 200}, "droxynonanoyl CoA": {"query_text": "droxynonanoyl CoA", "text": "\n", "status_code": 200}, "roxynonanoyl CoA": {"query_text": "roxynonanoyl CoA", "text": "\n", "status_code": 200}, "oxynonanoyl CoA": {"query_text": "oxynonanoyl CoA", "text": "\n", "status_code": 200}, "xynonanoyl CoA": {"query_text": "xynonanoyl CoA", "text": "\n", "status_code": 200}, "3 Hydroxyphenyloctanoyl CoA": {"query_text": "3 Hydroxyphenyloctanoyl CoA", "text": "\n", "status_code": 200}, " Hydroxyphenyloctanoyl CoA": {"query_text": " Hydroxyphenyloctanoyl CoA", "text": "\n", "status_code": 200}, "Hydroxyphenyloctanoyl CoA": {"query_text": "Hydroxyphenyloctanoyl CoA", "text": "\n", "status_code": 200}, "ydroxyphenyloctanoyl CoA": {"query_text": "ydroxyphenyloctanoyl CoA", "text": "\n", "status_code": 200}, "droxyphenyloctanoyl CoA": {"query_text": "droxyphenyloctanoyl CoA", "text": "\n", "status_code": 200}, "roxyphenyloctanoyl CoA": {"query_text": "roxyphenyloctanoyl CoA", "text": "\n", "status_code": 200}, "oxyphenyloctanoyl CoA": {"query_text": "oxyphenyloctanoyl CoA", "text": "\n", "status_code": 200}, "xyphenyloctanoyl CoA": {"query_text": "xyphenyloctanoyl CoA", "text": "\n", "status_code": 200}, "3 Hydroxyphenylheptanoyl CoA": {"query_text": "3 Hydroxyphenylheptanoyl CoA", "text": "\n", "status_code": 200}, " Hydroxyphenylheptanoyl CoA": {"query_text": " Hydroxyphenylheptanoyl CoA", "text": "\n", "status_code": 200}, "Hydroxyphenylheptanoyl CoA": {"query_text": "Hydroxyphenylheptanoyl CoA", "text": "\n", "status_code": 200}, "ydroxyphenylheptanoyl CoA": {"query_text": "ydroxyphenylheptanoyl CoA", "text": "\n", "status_code": 200}, "droxyphenylheptanoyl CoA": {"query_text": "droxyphenylheptanoyl CoA", "text": "\n", "status_code": 200}, "roxyphenylheptanoyl CoA": {"query_text": "roxyphenylheptanoyl CoA", "text": "\n", "status_code": 200}, "oxyphenylheptanoyl CoA": {"query_text": "oxyphenylheptanoyl CoA", "text": "\n", "status_code": 200}, "xyphenylheptanoyl CoA": {"query_text": "xyphenylheptanoyl CoA", "text": "\n", "status_code": 200}, "3 Oxophenylhexanoyl CoA": {"query_text": "3 Oxophenylhexanoyl CoA", "text": "\n", "status_code": 200}, " Oxophenylhexanoyl CoA": {"query_text": " Oxophenylhexanoyl CoA", "text": "\n", "status_code": 200}, "Oxophenylhexanoyl CoA": {"query_text": "Oxophenylhexanoyl CoA", "text": "\n", "status_code": 200}, "xophenylhexanoyl CoA": {"query_text": "xophenylhexanoyl CoA", "text": "\n", "status_code": 200}, "ophenylhexanoyl CoA": {"query_text": "ophenylhexanoyl CoA", "text": "\n", "status_code": 200}, "phenylhexanoyl CoA": {"query_text": "phenylhexanoyl CoA", "text": "\n", "status_code": 200}, "henylhexanoyl CoA": {"query_text": "henylhexanoyl CoA", "text": "\n", "status_code": 200}, "enylhexanoyl CoA": {"query_text": "enylhexanoyl CoA", "text": "\n", "status_code": 200}, "3 Oxophenylpentanoyl CoA": {"query_text": "3 Oxophenylpentanoyl CoA", "text": "\n", "status_code": 200}, " Oxophenylpentanoyl CoA": {"query_text": " Oxophenylpentanoyl CoA", "text": "\n", "status_code": 200}, "Oxophenylpentanoyl CoA": {"query_text": "Oxophenylpentanoyl CoA", "text": "\n", "status_code": 200}, "xophenylpentanoyl CoA": {"query_text": "xophenylpentanoyl CoA", "text": "\n", "status_code": 200}, "ophenylpentanoyl CoA": {"query_text": "ophenylpentanoyl CoA", "text": "\n", "status_code": 200}, "phenylpentanoyl CoA": {"query_text": "phenylpentanoyl CoA", "text": "\n", "status_code": 200}, "henylpentanoyl CoA": {"query_text": "henylpentanoyl CoA", "text": "\n", "status_code": 200}, "enylpentanoyl CoA": {"query_text": "enylpentanoyl CoA", "text": "\n", "status_code": 200}, "3 Oxophenylbutanoyl CoA": {"query_text": "3 Oxophenylbutanoyl CoA", "text": "\n", "status_code": 200}, " Oxophenylbutanoyl CoA": {"query_text": " Oxophenylbutanoyl CoA", "text": "\n", "status_code": 200}, "Oxophenylbutanoyl CoA": {"query_text": "Oxophenylbutanoyl CoA", "text": "\n", "status_code": 200}, "xophenylbutanoyl CoA": {"query_text": "xophenylbutanoyl CoA", "text": "\n", "status_code": 200}, "ophenylbutanoyl CoA": {"query_text": "ophenylbutanoyl CoA", "text": "\n", "status_code": 200}, "phenylbutanoyl CoA": {"query_text": "phenylbutanoyl CoA", "text": "\n", "status_code": 200}, "henylbutanoyl CoA": {"query_text": "henylbutanoyl CoA", "text": "\n", "status_code": 200}, "enylbutanoyl CoA": {"query_text": "enylbutanoyl CoA", "text": "\n", "status_code": 200}, "3 Oxo 6 acetylthiohexanoyl CoA": {"query_text": "3 Oxo 6 acetylthiohexanoyl CoA", "text": "\n", "status_code": 200}, " Oxo 6 acetylthiohexanoyl CoA": {"query_text": " Oxo 6 acetylthiohexanoyl CoA", "text": "\n", "status_code": 200}, "Oxo 6 acetylthiohexanoyl CoA": {"query_text": "Oxo 6 acetylthiohexanoyl CoA", "text": "\n", "status_code": 200}, "xo 6 acetylthiohexanoyl CoA": {"query_text": "xo 6 acetylthiohexanoyl CoA", "text": "\n", "status_code": 200}, "o 6 acetylthiohexanoyl CoA": {"query_text": "o 6 acetylthiohexanoyl CoA", "text": "\n", "status_code": 200}, " 6 acetylthiohexanoyl CoA": {"query_text": " 6 acetylthiohexanoyl CoA", "text": "\n", "status_code": 200}, "6 acetylthiohexanoyl CoA": {"query_text": "6 acetylthiohexanoyl CoA", "text": "\n", "status_code": 200}, " acetylthiohexanoyl CoA": {"query_text": " acetylthiohexanoyl CoA", "text": "\n", "status_code": 200}, "3 oxo  7Z  tetradecenyl CoA": {"query_text": "3 oxo  7Z  tetradecenyl CoA", "text": "\n", "status_code": 200}, " oxo  7Z  tetradecenyl CoA": {"query_text": " oxo  7Z  tetradecenyl CoA", "text": "\n", "status_code": 200}, "oxo  7Z  tetradecenyl CoA": {"query_text": "oxo  7Z  tetradecenyl CoA", "text": "\n", "status_code": 200}, "xo  7Z  tetradecenyl CoA": {"query_text": "xo  7Z  tetradecenyl CoA", "text": "\n", "status_code": 200}, "o  7Z  tetradecenyl CoA": {"query_text": "o  7Z  tetradecenyl CoA", "text": "\n", "status_code": 200}, "  7Z  tetradecenyl CoA": {"query_text": "  7Z  tetradecenyl CoA", "text": "\n", "status_code": 200}, " 7Z  tetradecenyl CoA": {"query_text": " 7Z  tetradecenyl CoA", "text": "\n", "status_code": 200}, "7Z  tetradecenyl CoA": {"query_text": "7Z  tetradecenyl CoA", "text": "\n", "status_code": 200}, "3 oxo  5Z  dodedecenyl CoA": {"query_text": "3 oxo  5Z  dodedecenyl CoA", "text": "\n", "status_code": 200}, " oxo  5Z  dodedecenyl CoA": {"query_text": " oxo  5Z  dodedecenyl CoA", "text": "\n", "status_code": 200}, "oxo  5Z  dodedecenyl CoA": {"query_text": "oxo  5Z  dodedecenyl CoA", "text": "\n", "status_code": 200}, "xo  5Z  dodedecenyl CoA": {"query_text": "xo  5Z  dodedecenyl CoA", "text": "\n", "status_code": 200}, "o  5Z  dodedecenyl CoA": {"query_text": "o  5Z  dodedecenyl CoA", "text": "\n", "status_code": 200}, "  5Z  dodedecenyl CoA": {"query_text": "  5Z  dodedecenyl CoA", "text": "\n", "status_code": 200}, " 5Z  dodedecenyl CoA": {"query_text": " 5Z  dodedecenyl CoA", "text": "\n", "status_code": 200}, "5Z  dodedecenyl CoA": {"query_text": "5Z  dodedecenyl CoA", "text": "\n", "status_code": 200}, "3 oxo  5Z  tetradecenyl CoA": {"query_text": "3 oxo  5Z  tetradecenyl CoA", "text": "\n", "status_code": 200}, " oxo  5Z  tetradecenyl CoA": {"query_text": " oxo  5Z  tetradecenyl CoA", "text": "\n", "status_code": 200}, "oxo  5Z  tetradecenyl CoA": {"query_text": "oxo  5Z  tetradecenyl CoA", "text": "\n", "status_code": 200}, "xo  5Z  tetradecenyl CoA": {"query_text": "xo  5Z  tetradecenyl CoA", "text": "\n", "status_code": 200}, "o  5Z  tetradecenyl CoA": {"query_text": "o  5Z  tetradecenyl CoA", "text": "\n", "status_code": 200}, "  5Z  tetradecenyl CoA": {"query_text": "  5Z  tetradecenyl CoA", "text": "\n", "status_code": 200}, " 5Z  tetradecenyl CoA": {"query_text": " 5Z  tetradecenyl CoA", "text": "\n", "status_code": 200}, "5Z  tetradecenyl CoA": {"query_text": "5Z  tetradecenyl CoA", "text": "\n", "status_code": 200}, "3 oxo  5Z 8Z  tetradec dienyl CoA": {"query_text": "3 oxo  5Z 8Z  tetradec dienyl CoA", "text": "\n", "status_code": 200}, " oxo  5Z 8Z  tetradec dienyl CoA": {"query_text": " oxo  5Z 8Z  tetradec dienyl CoA", "text": "\n", "status_code": 200}, "oxo  5Z 8Z  tetradec dienyl CoA": {"query_text": "oxo  5Z 8Z  tetradec dienyl CoA", "text": "\n", "status_code": 200}, "xo  5Z 8Z  tetradec dienyl CoA": {"query_text": "xo  5Z 8Z  tetradec dienyl CoA", "text": "\n", "status_code": 200}, "o  5Z 8Z  tetradec dienyl CoA": {"query_text": "o  5Z 8Z  tetradec dienyl CoA", "text": "\n", "status_code": 200}, "  5Z 8Z  tetradec dienyl CoA": {"query_text": "  5Z 8Z  tetradec dienyl CoA", "text": "\n", "status_code": 200}, " 5Z 8Z  tetradec dienyl CoA": {"query_text": " 5Z 8Z  tetradec dienyl CoA", "text": "\n", "status_code": 200}, "5Z 8Z  tetradec dienyl CoA": {"query_text": "5Z 8Z  tetradec dienyl CoA", "text": "\n", "status_code": 200}, "3 oxo  6Z  dodedecenyl CoA": {"query_text": "3 oxo  6Z  dodedecenyl CoA", "text": "\n", "status_code": 200}, " oxo  6Z  dodedecenyl CoA": {"query_text": " oxo  6Z  dodedecenyl CoA", "text": "\n", "status_code": 200}, "oxo  6Z  dodedecenyl CoA": {"query_text": "oxo  6Z  dodedecenyl CoA", "text": "\n", "status_code": 200}, "xo  6Z  dodedecenyl CoA": {"query_text": "xo  6Z  dodedecenyl CoA", "text": "\n", "status_code": 200}, "o  6Z  dodedecenyl CoA": {"query_text": "o  6Z  dodedecenyl CoA", "text": "\n", "status_code": 200}, "  6Z  dodedecenyl CoA": {"query_text": "  6Z  dodedecenyl CoA", "text": "\n", "status_code": 200}, " 6Z  dodedecenyl CoA": {"query_text": " 6Z  dodedecenyl CoA", "text": "\n", "status_code": 200}, "6Z  dodedecenyl CoA": {"query_text": "6Z  dodedecenyl CoA", "text": "\n", "status_code": 200}, "3 oxo 4Z decenoyl CoA": {"query_text": "3 oxo 4Z decenoyl CoA", "text": "\n", "status_code": 200}, " oxo 4Z decenoyl CoA": {"query_text": " oxo 4Z decenoyl CoA", "text": "\n", "status_code": 200}, "oxo 4Z decenoyl CoA": {"query_text": "oxo 4Z decenoyl CoA", "text": "\n", "status_code": 200}, "xo 4Z decenoyl CoA": {"query_text": "xo 4Z decenoyl CoA", "text": "\n", "status_code": 200}, "o 4Z decenoyl CoA": {"query_text": "o 4Z decenoyl CoA", "text": "\n", "status_code": 200}, " 4Z decenoyl CoA": {"query_text": " 4Z decenoyl CoA", "text": "\n", "status_code": 200}, "4Z decenoyl CoA": {"query_text": "4Z decenoyl CoA", "text": "\n", "status_code": 200}, "Z decenoyl CoA": {"query_text": "Z decenoyl CoA", "text": "cpd:C00510\tOleoyl-CoA; (9Z)-Octadecenoyl-CoA\ncpd:C02944\t3-cis-Dodecenoyl-CoA; 3-cis-Dodecenoyl coenzyme A; (3Z)-Dodecenoyl-CoA; (3Z)-Dodec-3-enoyl-CoA\ncpd:C06737\t(Z)-11-Tetradecenoyl-CoA; (11Z)-Tetradecenoyl-CoA\ncpd:C21072\tPalmitoleoyl-CoA; (9Z)-Hexadec-9-enoyl-CoA; (9Z)-Hexadecenoyl-CoA; 9Z-Hexadecenoyl-CoA\ncpd:C21943\tSapienoyl-CoA; (6Z)-Hexadecenoyl-CoA\ncpd:C21945\tcis-Vaccenoyl-CoA; (11Z)-Octadecenoyl-CoA\n", "status_code": 200}, "xy 4 acetylthiobutanoic acid": {"query_text": "xy 4 acetylthiobutanoic acid", "text": "\n", "status_code": 200}, "Phenyl Hexanoyl CoA  Phe C160CoA": {"query_text": "Phenyl Hexanoyl CoA  Phe C160CoA", "text": "\n", "status_code": 200}, "henyl Hexanoyl CoA  Phe C160CoA": {"query_text": "henyl Hexanoyl CoA  Phe C160CoA", "text": "\n", "status_code": 200}, "enyl Hexanoyl CoA  Phe C160CoA": {"query_text": "enyl Hexanoyl CoA  Phe C160CoA", "text": "\n", "status_code": 200}, "nyl Hexanoyl CoA  Phe C160CoA": {"query_text": "nyl Hexanoyl CoA  Phe C160CoA", "text": "\n", "status_code": 200}, "yl Hexanoyl CoA  Phe C160CoA": {"query_text": "yl Hexanoyl CoA  Phe C160CoA", "text": "\n", "status_code": 200}, "l Hexanoyl CoA  Phe C160CoA": {"query_text": "l Hexanoyl CoA  Phe C160CoA", "text": "\n", "status_code": 200}, " Hexanoyl CoA  Phe C160CoA": {"query_text": " Hexanoyl CoA  Phe C160CoA", "text": "\n", "status_code": 200}, "Hexanoyl CoA  Phe C160CoA": {"query_text": "Hexanoyl CoA  Phe C160CoA", "text": "\n", "status_code": 200}, "Phenyl Pentanoyl CoA Phe C50CoA": {"query_text": "Phenyl Pentanoyl CoA Phe C50CoA", "text": "\n", "status_code": 200}, "henyl Pentanoyl CoA Phe C50CoA": {"query_text": "henyl Pentanoyl CoA Phe C50CoA", "text": "\n", "status_code": 200}, "enyl Pentanoyl CoA Phe C50CoA": {"query_text": "enyl Pentanoyl CoA Phe C50CoA", "text": "\n", "status_code": 200}, "nyl Pentanoyl CoA Phe C50CoA": {"query_text": "nyl Pentanoyl CoA Phe C50CoA", "text": "\n", "status_code": 200}, "yl Pentanoyl CoA Phe C50CoA": {"query_text": "yl Pentanoyl CoA Phe C50CoA", "text": "\n", "status_code": 200}, "l Pentanoyl CoA Phe C50CoA": {"query_text": "l Pentanoyl CoA Phe C50CoA", "text": "\n", "status_code": 200}, " Pentanoyl CoA Phe C50CoA": {"query_text": " Pentanoyl CoA Phe C50CoA", "text": "\n", "status_code": 200}, "Pentanoyl CoA Phe C50CoA": {"query_text": "Pentanoyl CoA Phe C50CoA", "text": "\n", "status_code": 200}, "4 Phenyl butyryl CoA Phe C4CoA": {"query_text": "4 Phenyl butyryl CoA Phe C4CoA", "text": "\n", "status_code": 200}, " Phenyl butyryl CoA Phe C4CoA": {"query_text": " Phenyl butyryl CoA Phe C4CoA", "text": "\n", "status_code": 200}, "Phenyl butyryl CoA Phe C4CoA": {"query_text": "Phenyl butyryl CoA Phe C4CoA", "text": "\n", "status_code": 200}, "henyl butyryl CoA Phe C4CoA": {"query_text": "henyl butyryl CoA Phe C4CoA", "text": "\n", "status_code": 200}, "enyl butyryl CoA Phe C4CoA": {"query_text": "enyl butyryl CoA Phe C4CoA", "text": "\n", "status_code": 200}, "nyl butyryl CoA Phe C4CoA": {"query_text": "nyl butyryl CoA Phe C4CoA", "text": "\n", "status_code": 200}, "yl butyryl CoA Phe C4CoA": {"query_text": "yl butyryl CoA Phe C4CoA", "text": "\n", "status_code": 200}, "l butyryl CoA Phe C4CoA": {"query_text": "l butyryl CoA Phe C4CoA", "text": "\n", "status_code": 200}, "3 Phenyl propionyl CoA Phe C30 CoA": {"query_text": "3 Phenyl propionyl CoA Phe C30 CoA", "text": "\n", "status_code": 200}, " Phenyl propionyl CoA Phe C30 CoA": {"query_text": " Phenyl propionyl CoA Phe C30 CoA", "text": "\n", "status_code": 200}, "Phenyl propionyl CoA Phe C30 CoA": {"query_text": "Phenyl propionyl CoA Phe C30 CoA", "text": "\n", "status_code": 200}, "henyl propionyl CoA Phe C30 CoA": {"query_text": "henyl propionyl CoA Phe C30 CoA", "text": "\n", "status_code": 200}, "enyl propionyl CoA Phe C30 CoA": {"query_text": "enyl propionyl CoA Phe C30 CoA", "text": "\n", "status_code": 200}, "nyl propionyl CoA Phe C30 CoA": {"query_text": "nyl propionyl CoA Phe C30 CoA", "text": "\n", "status_code": 200}, "yl propionyl CoA Phe C30 CoA": {"query_text": "yl propionyl CoA Phe C30 CoA", "text": "\n", "status_code": 200}, "l propionyl CoA Phe C30 CoA": {"query_text": "l propionyl CoA Phe C30 CoA", "text": "\n", "status_code": 200}, "4 Acetylthiobutanoyl CoA": {"query_text": "4 Acetylthiobutanoyl CoA", "text": "\n", "status_code": 200}, " Acetylthiobutanoyl CoA": {"query_text": " Acetylthiobutanoyl CoA", "text": "\n", "status_code": 200}, "Acetylthiobutanoyl CoA": {"query_text": "Acetylthiobutanoyl CoA", "text": "\n", "status_code": 200}, "cetylthiobutanoyl CoA": {"query_text": "cetylthiobutanoyl CoA", "text": "\n", "status_code": 200}, "etylthiobutanoyl CoA": {"query_text": "etylthiobutanoyl CoA", "text": "\n", "status_code": 200}, "tylthiobutanoyl CoA": {"query_text": "tylthiobutanoyl CoA", "text": "\n", "status_code": 200}, "ylthiobutanoyl CoA": {"query_text": "ylthiobutanoyl CoA", "text": "\n", "status_code": 200}, "lthiobutanoyl CoA": {"query_text": "lthiobutanoyl CoA", "text": "\n", "status_code": 200}, "Cis dodedec 5 enoyl CoA": {"query_text": "Cis dodedec 5 enoyl CoA", "text": "\n", "status_code": 200}, "is dodedec 5 enoyl CoA": {"query_text": "is dodedec 5 enoyl CoA", "text": "\n", "status_code": 200}, "s dodedec 5 enoyl CoA": {"query_text": "s dodedec 5 enoyl CoA", "text": "\n", "status_code": 200}, " dodedec 5 enoyl CoA": {"query_text": " dodedec 5 enoyl CoA", "text": "\n", "status_code": 200}, "dodedec 5 enoyl CoA": {"query_text": "dodedec 5 enoyl CoA", "text": "\n", "status_code": 200}, "odedec 5 enoyl CoA": {"query_text": "odedec 5 enoyl CoA", "text": "\n", "status_code": 200}, "dedec 5 enoyl CoA": {"query_text": "dedec 5 enoyl CoA", "text": "\n", "status_code": 200}, "edec 5 enoyl CoA": {"query_text": "edec 5 enoyl CoA", "text": "\n", "status_code": 200}, "1 Acyl sn glycerol  hexadecanoate": {"query_text": "1 Acyl sn glycerol  hexadecanoate", "text": "\n", "status_code": 200}, " Acyl sn glycerol  hexadecanoate": {"query_text": " Acyl sn glycerol  hexadecanoate", "text": "\n", "status_code": 200}, "Acyl sn glycerol  hexadecanoate": {"query_text": "Acyl sn glycerol  hexadecanoate", "text": "\n", "status_code": 200}, "cyl sn glycerol  hexadecanoate": {"query_text": "cyl sn glycerol  hexadecanoate", "text": "\n", "status_code": 200}, "yl sn glycerol  hexadecanoate": {"query_text": "yl sn glycerol  hexadecanoate", "text": "\n", "status_code": 200}, "l sn glycerol  hexadecanoate": {"query_text": "l sn glycerol  hexadecanoate", "text": "\n", "status_code": 200}, " sn glycerol  hexadecanoate": {"query_text": " sn glycerol  hexadecanoate", "text": "\n", "status_code": 200}, "sn glycerol  hexadecanoate": {"query_text": "sn glycerol  hexadecanoate", "text": "\n", "status_code": 200}, "1 Acyl sn glycerol  octadecanoate": {"query_text": "1 Acyl sn glycerol  octadecanoate", "text": "\n", "status_code": 200}, " Acyl sn glycerol  octadecanoate": {"query_text": " Acyl sn glycerol  octadecanoate", "text": "\n", "status_code": 200}, "Acyl sn glycerol  octadecanoate": {"query_text": "Acyl sn glycerol  octadecanoate", "text": "\n", "status_code": 200}, "cyl sn glycerol  octadecanoate": {"query_text": "cyl sn glycerol  octadecanoate", "text": "\n", "status_code": 200}, "yl sn glycerol  octadecanoate": {"query_text": "yl sn glycerol  octadecanoate", "text": "\n", "status_code": 200}, "l sn glycerol  octadecanoate": {"query_text": "l sn glycerol  octadecanoate", "text": "\n", "status_code": 200}, " sn glycerol  octadecanoate": {"query_text": " sn glycerol  octadecanoate", "text": "\n", "status_code": 200}, "sn glycerol  octadecanoate": {"query_text": "sn glycerol  octadecanoate", "text": "\n", "status_code": 200}, "1 Acyl sn glycerol  nC181d9": {"query_text": "1 Acyl sn glycerol  nC181d9", "text": "\n", "status_code": 200}, " Acyl sn glycerol  nC181d9": {"query_text": " Acyl sn glycerol  nC181d9", "text": "\n", "status_code": 200}, "Acyl sn glycerol  nC181d9": {"query_text": "Acyl sn glycerol  nC181d9", "text": "\n", "status_code": 200}, "cyl sn glycerol  nC181d9": {"query_text": "cyl sn glycerol  nC181d9", "text": "\n", "status_code": 200}, "yl sn glycerol  nC181d9": {"query_text": "yl sn glycerol  nC181d9", "text": "\n", "status_code": 200}, "l sn glycerol  nC181d9": {"query_text": "l sn glycerol  nC181d9", "text": "\n", "status_code": 200}, " sn glycerol  nC181d9": {"query_text": " sn glycerol  nC181d9", "text": "\n", "status_code": 200}, "sn glycerol  nC181d9": {"query_text": "sn glycerol  nC181d9", "text": "\n", "status_code": 200}, "1 Acyl sn glycerol  nC182d9d12": {"query_text": "1 Acyl sn glycerol  nC182d9d12", "text": "\n", "status_code": 200}, " Acyl sn glycerol  nC182d9d12": {"query_text": " Acyl sn glycerol  nC182d9d12", "text": "\n", "status_code": 200}, "Acyl sn glycerol  nC182d9d12": {"query_text": "Acyl sn glycerol  nC182d9d12", "text": "\n", "status_code": 200}, "cyl sn glycerol  nC182d9d12": {"query_text": "cyl sn glycerol  nC182d9d12", "text": "\n", "status_code": 200}, "yl sn glycerol  nC182d9d12": {"query_text": "yl sn glycerol  nC182d9d12", "text": "\n", "status_code": 200}, "l sn glycerol  nC182d9d12": {"query_text": "l sn glycerol  nC182d9d12", "text": "\n", "status_code": 200}, " sn glycerol  nC182d9d12": {"query_text": " sn glycerol  nC182d9d12", "text": "\n", "status_code": 200}, "sn glycerol  nC182d9d12": {"query_text": "sn glycerol  nC182d9d12", "text": "\n", "status_code": 200}, "3 dehydrocarnitine": {"query_text": "3 dehydrocarnitine", "text": "cpd:C02636\t3-Dehydrocarnitine; 3-Carboxy-N,N,N-trimethyl-2-oxo-1-propanaminium\n", "status_code": 200}, "N5 hydroxyL ornithine": {"query_text": "N5 hydroxyL ornithine", "text": "\n", "status_code": 200}, "5 hydroxyL ornithine": {"query_text": "5 hydroxyL ornithine", "text": "\n", "status_code": 200}, " hydroxyL ornithine": {"query_text": " hydroxyL ornithine", "text": "\n", "status_code": 200}, "hydroxyL ornithine": {"query_text": "hydroxyL ornithine", "text": "\n", "status_code": 200}, "ydroxyL ornithine": {"query_text": "ydroxyL ornithine", "text": "\n", "status_code": 200}, "droxyL ornithine": {"query_text": "droxyL ornithine", "text": "\n", "status_code": 200}, "roxyL ornithine": {"query_text": "roxyL ornithine", "text": "\n", "status_code": 200}, "oxyL ornithine": {"query_text": "oxyL ornithine", "text": "\n", "status_code": 200}}}